Workbook

Sheet 114成績輸入與落點儀表板
A1: 科目 | B1: 我的成績 | C1: 採計條件篩選 | E1: 🎯 志願落點分析系統使用說明
A2: 國文 | B2: 0 | C2: 必須採計 | E2: 1. 請在【B欄】(黃色儲存格) 輸入您的各科實得分數 (0-60分)。
A3: 英文 | B3: 0 | C3: 不拘 | E3: 2. 【新增功能】請在【C欄】(藍色儲存格) 選擇該科目是否必須被採計。
A4: 數學甲 | B4: 0 | C4: 不拘 | E4: - 「不拘」：該科採計或不採計皆可。
A5: 數學乙 | B5: 0 | C5: 不拘 | E5: - 「必須採計」：過濾出『一定有考這科』的校系。
A6: 數學A | B6: 0 | C6: 不拘 | E6: - 「不可採計」：過濾出『絕對不看這科』的校系。
A7: 數學B | B7: 0 | C7: 不拘 | E7: 3. 設定好後，切換至下方的「志願落點分析」工作表查看結果。
A8: 物理 | B8: 0 | C8: 不拘 | E8: 4. 利用「志願落點分析」中 K 欄的【科目篩選結果】，取消勾選「不符合」，即可篩選出完全符合您期望科目的系組！
A9: 化學 | B9: 0 | C9: 不拘
A10: 生物 | B10: 0 | C10: 不拘
A11: 歷史 | B11: 0 | C11: 不拘
A12: 地理 | B12: 0 | C12: 不拘
A13: 公民與社會 | B13: 0 | C13: 不拘
A14: 社會 | B14: 0 | C14: 不拘
A15: 自然 | B15: 0 | C15: 不拘
A16: 術科 | B16: 0 | C16: 不拘

Sheet 114志願落點分析
A1: 系組代碼 | B1: 校名 | C1: 系組名 | D1: 學群分類 | E1: 採計及加權 | F1: 錄取人數 | G1: 最低錄取分數 | H1: 我的加權總分 | I1: 差距 | J1: 預估結果 | K1: 科目篩選結果 | L1: 國 | M1: 英 | N1: 數甲 | O1: 數乙 | P1: 數A | Q1: 數B | R1: 物 | S1: 化 | T1: 生 | U1: 歷 | V1: 地 | W1: 公 | X1: 社 | Y1: 自 | Z1: 術
A2: 0001 | B2: 國立臺灣大學 | C2: 中國文學系 | D2: 文史哲學群 | E2: 國x1.50 英x1.25 歷x1.25 地x1.00 | F2: 20 | G2: 264 | H2: =L2*'114成績輸入與落點儀表板'!$B$2+M2*'114成績輸入與落點儀表板'!$B$3+N2*'114成績輸入與落點儀表板'!$B$4+O2*'114成績輸入與落點儀表板'!$B$5+P2*'114成績輸入與落點儀表板'!$B$6+Q2*'114成績輸入與落點儀表板'!$B$7+R2*'114成績輸入與落點儀表板'!$B$8+S2*'114成績輸入與落點儀表板'!$B$9+T2*'114成績輸入與落點儀表板'!$B$10+U2*'114成績輸入與落點儀表板'!$B$11+V2*'114成績輸入與落點儀表板'!$B$12+W2*'114成績輸入與落點儀表板'!$B$13+X2*'114成績輸入與落點儀表板'!$B$14+Y2*'114成績輸入與落點儀表板'!$B$15+Z2*'114成績輸入與落點儀表板'!$B$16 -> 0 | I2: =H2-G2 -> -264 | J2: =IF(I2>=0, "PASS", "FAIL") -> FAIL | K2: =IF(AND(IF('114成績輸入與落點儀表板'!$C$2="必須採計",L2>0,IF('114成績輸入與落點儀表板'!$C$2="不可採計",L2=0,TRUE)),IF('114成績輸入與落點儀表板'!$C$3="必須採計",M2>0,IF('114成績輸入與落點儀表板'!$C$3="不可採計",M2=0,TRUE)),IF('114成績輸入與落點儀表板'!$C$4="必須採計",N2>0,IF('114成績輸入與落點儀表板'!$C$4="不可採計",N2=0,TRUE)),IF('114成績輸入與落點儀表板'!$C$5="必須採計",O2>0,IF('114成績輸入與落點儀表板'!$C$5="不可採計",O2=0,TRUE)),IF('114成績輸入與落點儀表板'!$C$6="必須採計",P2>0,IF('114成績輸入與落點儀表板'!$C$6="不可採計",P2=0,TRUE)),IF('114成績輸入與落點儀表板'!$C$7="必須採計",Q2>0,IF('114成績輸入與落點儀表板'!$C$7="不可採計",Q2=0,TRUE)),IF('114成績輸入與落點儀表板'!$C$8="必須採計",R2>0,IF('114成績輸入與落點儀表板'!$C$8="不可採計",R2=0,TRUE)),IF('114成績輸入與落點儀表板'!$C$9="必須採計",S2>0,IF('114成績輸入與落點儀表板'!$C$9="不可採計",S2=0,TRUE)),IF('114成績輸入與落點儀表板'!$C$10="必須採計",T2>0,IF('114成績輸入與落點儀表板'!$C$10="不可採計",T2=0,TRUE)),IF('114成績輸入與落點儀表板'!$C$11="必須採計",U2>0,IF('114成績輸入與落點儀表板'!$C$11="不可採計",U2=0,TRUE)),IF('114成績輸入與落點儀表板'!$C$12="必須採計",V2>0,IF('114成績輸入與落點儀表板'!$C$12="不可採計",V2=0,TRUE)),IF('114成績輸入與落點儀表板'!$C$13="必須採計",W2>0,IF('114成績輸入與落點儀表板'!$C$13="不可採計",W2=0,TRUE)),IF('114成績輸入與落點儀表板'!$C$14="必須採計",X2>0,IF('114成績輸入與落點儀表板'!$C$14="不可採計",X2=0,TRUE)),IF('114成績輸入與落點儀表板'!$C$15="必須採計",Y2>0,IF('114成績輸入與落點儀表板'!$C$15="不可採計",Y2=0,TRUE)),IF('114成績輸入與落點儀表板'!$C$16="必須採計",Z2>0,IF('114成績輸入與落點儀表板'!$C$16="不可採計",Z2=0,TRUE))),"✅ 符合","❌ 不符合") -> ✅ 符合 | L2: 1.5 | M2: 1.25 | N2: 0 | O2: 0 | P2: 0 | Q2: 0 | R2: 0 | S2: 0 | T2: 0 | U2: 1.25 | V2: 1 | W2: 0 | X2: 0 | Y2: 0 | Z2: 0
A3: 0002 | B3: 國立臺灣大學 | C3: 外國語文學系 | D3: 外語學群 | E3: 英x2.00 國x1.25 歷x1.00 地x1.00 數乙x1.00 | F3: 43 | G3: 325.75 | H3: =L3*'114成績輸入與落點儀表板'!$B$2+M3*'114成績輸入與落點儀表板'!$B$3+N3*'114成績輸入與落點儀表板'!$B$4+O3*'114成績輸入與落點儀表板'!$B$5+P3*'114成績輸入與落點儀表板'!$B$6+Q3*'114成績輸入與落點儀表板'!$B$7+R3*'114成績輸入與落點儀表板'!$B$8+S3*'114成績輸入與落點儀表板'!$B$9+T3*'114成績輸入與落點儀表板'!$B$10+U3*'114成績輸入與落點儀表板'!$B$11+V3*'114成績輸入與落點儀表板'!$B$12+W3*'114成績輸入與落點儀表板'!$B$13+X3*'114成績輸入與落點儀表板'!$B$14+Y3*'114成績輸入與落點儀表板'!$B$15+Z3*'114成績輸入與落點儀表板'!$B$16 -> 0 | I3: =H3-G3 -> -325.75 | J3: =IF(I3>=0, "PASS", "FAIL") -> FAIL | K3: =IF(AND(IF('114成績輸入與落點儀表板'!$C$2="必須採計",L3>0,IF('114成績輸入與落點儀表板'!$C$2="不可採計",L3=0,TRUE)),IF('114成績輸入與落點儀表板'!$C$3="必須採計",M3>0,IF('114成績輸入與落點儀表板'!$C$3="不可採計",M3=0,TRUE)),IF('114成績輸入與落點儀表板'!$C$4="必須採計",N3>0,IF('114成績輸入與落點儀表板'!$C$4="不可採計",N3=0,TRUE)),IF('114成績輸入與落點儀表板'!$C$5="必須採計",O3>0,IF('114成績輸入與落點儀表板'!$C$5="不可採計",O3=0,TRUE)),IF('114成績輸入與落點儀表板'!$C$6="必須採計",P3>0,IF('114成績輸入與落點儀表板'!$C$6="不可採計",P3=0,TRUE)),IF('114成績輸入與落點儀表板'!$C$7="必須採計",Q3>0,IF('114成績輸入與落點儀表板'!$C$7="不可採計",Q3=0,TRUE)),IF('114成績輸入與落點儀表板'!$C$8="必須採計",R3>0,IF('114成績輸入與落點儀表板'!$C$8="不可採計",R3=0,TRUE)),IF('114成績輸入與落點儀表板'!$C$9="必須採計",S3>0,IF('114成績輸入與落點儀表板'!$C$9="不可採計",S3=0,TRUE)),IF('114成績輸入與落點儀表板'!$C$10="必須採計",T3>0,IF('114成績輸入與落點儀表板'!$C$10="不可採計",T3=0,TRUE)),IF('114成績輸入與落點儀表板'!$C$11="必須採計",U3>0,IF('114成績輸入與落點儀表板'!$C$11="不可採計",U3=0,TRUE)),IF('114成績輸入與落點儀表板'!$C$12="必須採計",V3>0,IF('114成績輸入與落點儀表板'!$C$12="不可採計",V3=0,TRUE)),IF('114成績輸入與落點儀表板'!$C$13="必須採計",W3>0,IF('114成績輸入與落點儀表板'!$C$13="不可採計",W3=0,TRUE)),IF('114成績輸入與落點儀表板'!$C$14="必須採計",X3>0,IF('114成績輸入與落點儀表板'!$C$14="不可採計",X3=0,TRUE)),IF('114成績輸入與落點儀表板'!$C$15="必須採計",Y3>0,IF('114成績輸入與落點儀表板'!$C$15="不可採計",Y3=0,TRUE)),IF('114成績輸入與落點儀表板'!$C$16="必須採計",Z3>0,IF('114成績輸入與落點儀表板'!$C$16="不可採計",Z3=0,TRUE))),"✅ 符合","❌ 不符合") -> ✅ 符合 | L3: 1.25 | M3: 2 | N3: 0 | O3: 1 | P3: 0 | Q3: 0 | R3: 0 | S3: 0 | T3: 0 | U3: 1 | V3: 1 | W3: 0 | X3: 0 | Y3: 0 | Z3: 0
A4: 0003 | B4: 國立臺灣大學 | C4: 歷史學系 | D4: 文史哲學群 | E4: 歷x1.00 國x1.00 英x1.00 地x1.00 公x1.00 | F4: 24 | G4: 260 | H4: =L4*'114成績輸入與落點儀表板'!$B$2+M4*'114成績輸入與落點儀表板'!$B$3+N4*'114成績輸入與落點儀表板'!$B$4+O4*'114成績輸入與落點儀表板'!$B$5+P4*'114成績輸入與落點儀表板'!$B$6+Q4*'114成績輸入與落點儀表板'!$B$7+R4*'114成績輸入與落點儀表板'!$B$8+S4*'114成績輸入與落點儀表板'!$B$9+T4*'114成績輸入與落點儀表板'!$B$10+U4*'114成績輸入與落點儀表板'!$B$11+V4*'114成績輸入與落點儀表板'!$B$12+W4*'114成績輸入與落點儀表板'!$B$13+X4*'114成績輸入與落點儀表板'!$B$14+Y4*'114成績輸入與落點儀表板'!$B$15+Z4*'114成績輸入與落點儀表板'!$B$16 -> 0 | I4: =H4-G4 -> -260 | J4: =IF(I4>=0, "PASS", "FAIL") -> FAIL | K4: =IF(AND(IF('114成績輸入與落點儀表板'!$C$2="必須採計",L4>0,IF('114成績輸入與落點儀表板'!$C$2="不可採計",L4=0,TRUE)),IF('114成績輸入與落點儀表板'!$C$3="必須採計",M4>0,IF('114成績輸入與落點儀表板'!$C$3="不可採計",M4=0,TRUE)),IF('114成績輸入與落點儀表板'!$C$4="必須採計",N4>0,IF('114成績輸入與落點儀表板'!$C$4="不可採計",N4=0,TRUE)),IF('114成績輸入與落點儀表板'!$C$5="必須採計",O4>0,IF('114成績輸入與落點儀表板'!$C$5="不可採計",O4=0,TRUE)),IF('114成績輸入與落點儀表板'!$C$6="必須採計",P4>0,IF('114成績輸入與落點儀表板'!$C$6="不可採計",P4=0,TRUE)),IF('114成績輸入與落點儀表板'!$C$7="必須採計",Q4>0,IF('114成績輸入與落點儀表板'!$C$7="不可採計",Q4=0,TRUE)),IF('114成績輸入與落點儀表板'!$C$8="必須採計",R4>0,IF('114成績輸入與落點儀表板'!$C$8="不可採計",R4=0,TRUE)),IF('114成績輸入與落點儀表板'!$C$9="必須採計",S4>0,IF('114成績輸入與落點儀表板'!$C$9="不可採計",S4=0,TRUE)),IF('114成績輸入與落點儀表板'!$C$10="必須採計",T4>0,IF('114成績輸入與落點儀表板'!$C$10="不可採計",T4=0,TRUE)),IF('114成績輸入與落點儀表板'!$C$11="必須採計",U4>0,IF('114成績輸入與落點儀表板'!$C$11="不可採計",U4=0,TRUE)),IF('114成績輸入與落點儀表板'!$C$12="必須採計",V4>0,IF('114成績輸入與落點儀表板'!$C$12="不可採計",V4=0,TRUE)),IF('114成績輸入與落點儀表板'!$C$13="必須採計",W4>0,IF('114成績輸入與落點儀表板'!$C$13="不可採計",W4=0,TRUE)),IF('114成績輸入與落點儀表板'!$C$14="必須採計",X4>0,IF('114成績輸入與落點儀表板'!$C$14="不可採計",X4=0,TRUE)),IF('114成績輸入與落點儀表板'!$C$15="必須採計",Y4>0,IF('114成績輸入與落點儀表板'!$C$15="不可採計",Y4=0,TRUE)),IF('114成績輸入與落點儀表板'!$C$16="必須採計",Z4>0,IF('114成績輸入與落點儀表板'!$C$16="不可採計",Z4=0,TRUE))),"✅ 符合","❌ 不符合") -> ✅ 符合 | L4: 1 | M4: 1 | N4: 0 | O4: 0 | P4: 0 | Q4: 0 | R4: 0 | S4: 0 | T4: 0 | U4: 1 | V4: 1 | W4: 1 | X4: 0 | Y4: 0 | Z4: 0
A5: 0004 | B5: 國立臺灣大學 | C5: 哲學系 | D5: 文史哲學群 | E5: 國x1.00 英x1.00 歷x1.00 公x1.00 | F5: 23 | G5: 199 | H5: =L5*'114成績輸入與落點儀表板'!$B$2+M5*'114成績輸入與落點儀表板'!$B$3+N5*'114成績輸入與落點儀表板'!$B$4+O5*'114成績輸入與落點儀表板'!$B$5+P5*'114成績輸入與落點儀表板'!$B$6+Q5*'114成績輸入與落點儀表板'!$B$7+R5*'114成績輸入與落點儀表板'!$B$8+S5*'114成績輸入與落點儀表板'!$B$9+T5*'114成績輸入與落點儀表板'!$B$10+U5*'114成績輸入與落點儀表板'!$B$11+V5*'114成績輸入與落點儀表板'!$B$12+W5*'114成績輸入與落點儀表板'!$B$13+X5*'114成績輸入與落點儀表板'!$B$14+Y5*'114成績輸入與落點儀表板'!$B$15+Z5*'114成績輸入與落點儀表板'!$B$16 -> 0 | I5: =H5-G5 -> -199 | J5: =IF(I5>=0, "PASS", "FAIL") -> FAIL | K5: =IF(AND(IF('114成績輸入與落點儀表板'!$C$2="必須採計",L5>0,IF('114成績輸入與落點儀表板'!$C$2="不可採計",L5=0,TRUE)),IF('114成績輸入與落點儀表板'!$C$3="必須採計",M5>0,IF('114成績輸入與落點儀表板'!$C$3="不可採計",M5=0,TRUE)),IF('114成績輸入與落點儀表板'!$C$4="必須採計",N5>0,IF('114成績輸入與落點儀表板'!$C$4="不可採計",N5=0,TRUE)),IF('114成績輸入與落點儀表板'!$C$5="必須採計",O5>0,IF('114成績輸入與落點儀表板'!$C$5="不可採計",O5=0,TRUE)),IF('114成績輸入與落點儀表板'!$C$6="必須採計",P5>0,IF('114成績輸入與落點儀表板'!$C$6="不可採計",P5=0,TRUE)),IF('114成績輸入與落點儀表板'!$C$7="必須採計",Q5>0,IF('114成績輸入與落點儀表板'!$C$7="不可採計",Q5=0,TRUE)),IF('114成績輸入與落點儀表板'!$C$8="必須採計",R5>0,IF('114成績輸入與落點儀表板'!$C$8="不可採計",R5=0,TRUE)),IF('114成績輸入與落點儀表板'!$C$9="必須採計",S5>0,IF('114成績輸入與落點儀表板'!$C$9="不可採計",S5=0,TRUE)),IF('114成績輸入與落點儀表板'!$C$10="必須採計",T5>0,IF('114成績輸入與落點儀表板'!$C$10="不可採計",T5=0,TRUE)),IF('114成績輸入與落點儀表板'!$C$11="必須採計",U5>0,IF('114成績輸入與落點儀表板'!$C$11="不可採計",U5=0,TRUE)),IF('114成績輸入與落點儀表板'!$C$12="必須採計",V5>0,IF('114成績輸入與落點儀表板'!$C$12="不可採計",V5=0,TRUE)),IF('114成績輸入與落點儀表板'!$C$13="必須採計",W5>0,IF('114成績輸入與落點儀表板'!$C$13="不可採計",W5=0,TRUE)),IF('114成績輸入與落點儀表板'!$C$14="必須採計",X5>0,IF('114成績輸入與落點儀表板'!$C$14="不可採計",X5=0,TRUE)),IF('114成績輸入與落點儀表板'!$C$15="必須採計",Y5>0,IF('114成績輸入與落點儀表板'!$C$15="不可採計",Y5=0,TRUE)),IF('114成績輸入與落點儀表板'!$C$16="必須採計",Z5>0,IF('114成績輸入與落點儀表板'!$C$16="不可採計",Z5=0,TRUE))),"✅ 符合","❌ 不符合") -> ✅ 符合 | L5: 1 | M5: 1 | N5: 0 | O5: 0 | P5: 0 | Q5: 0 | R5: 0 | S5: 0 | T5: 0 | U5: 1 | V5: 0 | W5: 1 | X5: 0 | Y5: 0 | Z5: 0
A6: 0005 | B6: 國立臺灣大學 | C6: 人類學系 | D6: 文史哲學群 | E6: 英x1.50 歷x1.00 國x1.00 地x1.00 公x1.00 | F6: 22 | G6: 285.5 | H6: =L6*'114成績輸入與落點儀表板'!$B$2+M6*'114成績輸入與落點儀表板'!$B$3+N6*'114成績輸入與落點儀表板'!$B$4+O6*'114成績輸入與落點儀表板'!$B$5+P6*'114成績輸入與落點儀表板'!$B$6+Q6*'114成績輸入與落點儀表板'!$B$7+R6*'114成績輸入與落點儀表板'!$B$8+S6*'114成績輸入與落點儀表板'!$B$9+T6*'114成績輸入與落點儀表板'!$B$10+U6*'114成績輸入與落點儀表板'!$B$11+V6*'114成績輸入與落點儀表板'!$B$12+W6*'114成績輸入與落點儀表板'!$B$13+X6*'114成績輸入與落點儀表板'!$B$14+Y6*'114成績輸入與落點儀表板'!$B$15+Z6*'114成績輸入與落點儀表板'!$B$16 -> 0 | I6: =H6-G6 -> -285.5 | J6: =IF(I6>=0, "PASS", "FAIL") -> FAIL | K6: =IF(AND(IF('114成績輸入與落點儀表板'!$C$2="必須採計",L6>0,IF('114成績輸入與落點儀表板'!$C$2="不可採計",L6=0,TRUE)),IF('114成績輸入與落點儀表板'!$C$3="必須採計",M6>0,IF('114成績輸入與落點儀表板'!$C$3="不可採計",M6=0,TRUE)),IF('114成績輸入與落點儀表板'!$C$4="必須採計",N6>0,IF('114成績輸入與落點儀表板'!$C$4="不可採計",N6=0,TRUE)),IF('114成績輸入與落點儀表板'!$C$5="必須採計",O6>0,IF('114成績輸入與落點儀表板'!$C$5="不可採計",O6=0,TRUE)),IF('114成績輸入與落點儀表板'!$C$6="必須採計",P6>0,IF('114成績輸入與落點儀表板'!$C$6="不可採計",P6=0,TRUE)),IF('114成績輸入與落點儀表板'!$C$7="必須採計",Q6>0,IF('114成績輸入與落點儀表板'!$C$7="不可採計",Q6=0,TRUE)),IF('114成績輸入與落點儀表板'!$C$8="必須採計",R6>0,IF('114成績輸入與落點儀表板'!$C$8="不可採計",R6=0,TRUE)),IF('114成績輸入與落點儀表板'!$C$9="必須採計",S6>0,IF('114成績輸入與落點儀表板'!$C$9="不可採計",S6=0,TRUE)),IF('114成績輸入與落點儀表板'!$C$10="必須採計",T6>0,IF('114成績輸入與落點儀表板'!$C$10="不可採計",T6=0,TRUE)),IF('114成績輸入與落點儀表板'!$C$11="必須採計",U6>0,IF('114成績輸入與落點儀表板'!$C$11="不可採計",U6=0,TRUE)),IF('114成績輸入與落點儀表板'!$C$12="必須採計",V6>0,IF('114成績輸入與落點儀表板'!$C$12="不可採計",V6=0,TRUE)),IF('114成績輸入與落點儀表板'!$C$13="必須採計",W6>0,IF('114成績輸入與落點儀表板'!$C$13="不可採計",W6=0,TRUE)),IF('114成績輸入與落點儀表板'!$C$14="必須採計",X6>0,IF('114成績輸入與落點儀表板'!$C$14="不可採計",X6=0,TRUE)),IF('114成績輸入與落點儀表板'!$C$15="必須採計",Y6>0,IF('114成績輸入與落點儀表板'!$C$15="不可採計",Y6=0,TRUE)),IF('114成績輸入與落點儀表板'!$C$16="必須採計",Z6>0,IF('114成績輸入與落點儀表板'!$C$16="不可採計",Z6=0,TRUE))),"✅ 符合","❌ 不符合") -> ✅ 符合 | L6: 1 | M6: 1.5 | N6: 0 | O6: 0 | P6: 0 | Q6: 0 | R6: 0 | S6: 0 | T6: 0 | U6: 1 | V6: 1 | W6: 1 | X6: 0 | Y6: 0 | Z6: 0
A7: 0006 | B7: 國立臺灣大學 | C7: 圖書資訊學系 | D7: 資訊學群 | E7: 國x1.25 英x1.25 數乙x1.00 公x1.00 歷x1.00 | F7: 15 | G7: 283.5 | H7: =L7*'114成績輸入與落點儀表板'!$B$2+M7*'114成績輸入與落點儀表板'!$B$3+N7*'114成績輸入與落點儀表板'!$B$4+O7*'114成績輸入與落點儀表板'!$B$5+P7*'114成績輸入與落點儀表板'!$B$6+Q7*'114成績輸入與落點儀表板'!$B$7+R7*'114成績輸入與落點儀表板'!$B$8+S7*'114成績輸入與落點儀表板'!$B$9+T7*'114成績輸入與落點儀表板'!$B$10+U7*'114成績輸入與落點儀表板'!$B$11+V7*'114成績輸入與落點儀表板'!$B$12+W7*'114成績輸入與落點儀表板'!$B$13+X7*'114成績輸入與落點儀表板'!$B$14+Y7*'114成績輸入與落點儀表板'!$B$15+Z7*'114成績輸入與落點儀表板'!$B$16 -> 0 | I7: =H7-G7 -> -283.5 | J7: =IF(I7>=0, "PASS", "FAIL") -> FAIL | K7: =IF(AND(IF('114成績輸入與落點儀表板'!$C$2="必須採計",L7>0,IF('114成績輸入與落點儀表板'!$C$2="不可採計",L7=0,TRUE)),IF('114成績輸入與落點儀表板'!$C$3="必須採計",M7>0,IF('114成績輸入與落點儀表板'!$C$3="不可採計",M7=0,TRUE)),IF('114成績輸入與落點儀表板'!$C$4="必須採計",N7>0,IF('114成績輸入與落點儀表板'!$C$4="不可採計",N7=0,TRUE)),IF('114成績輸入與落點儀表板'!$C$5="必須採計",O7>0,IF('114成績輸入與落點儀表板'!$C$5="不可採計",O7=0,TRUE)),IF('114成績輸入與落點儀表板'!$C$6="必須採計",P7>0,IF('114成績輸入與落點儀表板'!$C$6="不可採計",P7=0,TRUE)),IF('114成績輸入與落點儀表板'!$C$7="必須採計",Q7>0,IF('114成績輸入與落點儀表板'!$C$7="不可採計",Q7=0,TRUE)),IF('114成績輸入與落點儀表板'!$C$8="必須採計",R7>0,IF('114成績輸入與落點儀表板'!$C$8="不可採計",R7=0,TRUE)),IF('114成績輸入與落點儀表板'!$C$9="必須採計",S7>0,IF('114成績輸入與落點儀表板'!$C$9="不可採計",S7=0,TRUE)),IF('114成績輸入與落點儀表板'!$C$10="必須採計",T7>0,IF('114成績輸入與落點儀表板'!$C$10="不可採計",T7=0,TRUE)),IF('114成績輸入與落點儀表板'!$C$11="必須採計",U7>0,IF('114成績輸入與落點儀表板'!$C$11="不可採計",U7=0,TRUE)),IF('114成績輸入與落點儀表板'!$C$12="必須採計",V7>0,IF('114成績輸入與落點儀表板'!$C$12="不可採計",V7=0,TRUE)),IF('114成績輸入與落點儀表板'!$C$13="必須採計",W7>0,IF('114成績輸入與落點儀表板'!$C$13="不可採計",W7=0,TRUE)),IF('114成績輸入與落點儀表板'!$C$14="必須採計",X7>0,IF('114成績輸入與落點儀表板'!$C$14="不可採計",X7=0,TRUE)),IF('114成績輸入與落點儀表板'!$C$15="必須採計",Y7>0,IF('114成績輸入與落點儀表板'!$C$15="不可採計",Y7=0,TRUE)),IF('114成績輸入與落點儀表板'!$C$16="必須採計",Z7>0,IF('114成績輸入與落點儀表板'!$C$16="不可採計",Z7=0,TRUE))),"✅ 符合","❌ 不符合") -> ✅ 符合 | L7: 1.25 | M7: 1.25 | N7: 0 | O7: 1 | P7: 0 | Q7: 0 | R7: 0 | S7: 0 | T7: 0 | U7: 1 | V7: 0 | W7: 1 | X7: 0 | Y7: 0 | Z7: 0
A8: 0007 | B8: 國立臺灣大學 | C8: 日本語文學系 | D8: 外語學群 | E8: 英x1.50 國x1.50 歷x1.00 地x1.00 公x1.00 | F8: 21 | G8: 310 | H8: =L8*'114成績輸入與落點儀表板'!$B$2+M8*'114成績輸入與落點儀表板'!$B$3+N8*'114成績輸入與落點儀表板'!$B$4+O8*'114成績輸入與落點儀表板'!$B$5+P8*'114成績輸入與落點儀表板'!$B$6+Q8*'114成績輸入與落點儀表板'!$B$7+R8*'114成績輸入與落點儀表板'!$B$8+S8*'114成績輸入與落點儀表板'!$B$9+T8*'114成績輸入與落點儀表板'!$B$10+U8*'114成績輸入與落點儀表板'!$B$11+V8*'114成績輸入與落點儀表板'!$B$12+W8*'114成績輸入與落點儀表板'!$B$13+X8*'114成績輸入與落點儀表板'!$B$14+Y8*'114成績輸入與落點儀表板'!$B$15+Z8*'114成績輸入與落點儀表板'!$B$16 -> 0 | I8: =H8-G8 -> -310 | J8: =IF(I8>=0, "PASS", "FAIL") -> FAIL | K8: =IF(AND(IF('114成績輸入與落點儀表板'!$C$2="必須採計",L8>0,IF('114成績輸入與落點儀表板'!$C$2="不可採計",L8=0,TRUE)),IF('114成績輸入與落點儀表板'!$C$3="必須採計",M8>0,IF('114成績輸入與落點儀表板'!$C$3="不可採計",M8=0,TRUE)),IF('114成績輸入與落點儀表板'!$C$4="必須採計",N8>0,IF('114成績輸入與落點儀表板'!$C$4="不可採計",N8=0,TRUE)),IF('114成績輸入與落點儀表板'!$C$5="必須採計",O8>0,IF('114成績輸入與落點儀表板'!$C$5="不可採計",O8=0,TRUE)),IF('114成績輸入與落點儀表板'!$C$6="必須採計",P8>0,IF('114成績輸入與落點儀表板'!$C$6="不可採計",P8=0,TRUE)),IF('114成績輸入與落點儀表板'!$C$7="必須採計",Q8>0,IF('114成績輸入與落點儀表板'!$C$7="不可採計",Q8=0,TRUE)),IF('114成績輸入與落點儀表板'!$C$8="必須採計",R8>0,IF('114成績輸入與落點儀表板'!$C$8="不可採計",R8=0,TRUE)),IF('114成績輸入與落點儀表板'!$C$9="必須採計",S8>0,IF('114成績輸入與落點儀表板'!$C$9="不可採計",S8=0,TRUE)),IF('114成績輸入與落點儀表板'!$C$10="必須採計",T8>0,IF('114成績輸入與落點儀表板'!$C$10="不可採計",T8=0,TRUE)),IF('114成績輸入與落點儀表板'!$C$11="必須採計",U8>0,IF('114成績輸入與落點儀表板'!$C$11="不可採計",U8=0,TRUE)),IF('114成績輸入與落點儀表板'!$C$12="必須採計",V8>0,IF('114成績輸入與落點儀表板'!$C$12="不可採計",V8=0,TRUE)),IF('114成績輸入與落點儀表板'!$C$13="必須採計",W8>0,IF('114成績輸入與落點儀表板'!$C$13="不可採計",W8=0,TRUE)),IF('114成績輸入與落點儀表板'!$C$14="必須採計",X8>0,IF('114成績輸入與落點儀表板'!$C$14="不可採計",X8=0,TRUE)),IF('114成績輸入與落點儀表板'!$C$15="必須採計",Y8>0,IF('114成績輸入與落點儀表板'!$C$15="不可採計",Y8=0,TRUE)),IF('114成績輸入與落點儀表板'!$C$16="必須採計",Z8>0,IF('114成績輸入與落點儀表板'!$C$16="不可採計",Z8=0,TRUE))),"✅ 符合","❌ 不符合") -> ✅ 符合 | L8: 1.5 | M8: 1.5 | N8: 0 | O8: 0 | P8: 0 | Q8: 0 | R8: 0 | S8: 0 | T8: 0 | U8: 1 | V8: 1 | W8: 1 | X8: 0 | Y8: 0 | Z8: 0
A9: 0010 | B9: 國立臺灣大學 | C9: 戲劇學系(男) | D9: 藝術與體育學群 | E9: 英x1.50 國x1.50 數Bx1.00 歷x1.00 地x1.00 | F9: 9 | G9: 278 | H9: =L9*'114成績輸入與落點儀表板'!$B$2+M9*'114成績輸入與落點儀表板'!$B$3+N9*'114成績輸入與落點儀表板'!$B$4+O9*'114成績輸入與落點儀表板'!$B$5+P9*'114成績輸入與落點儀表板'!$B$6+Q9*'114成績輸入與落點儀表板'!$B$7+R9*'114成績輸入與落點儀表板'!$B$8+S9*'114成績輸入與落點儀表板'!$B$9+T9*'114成績輸入與落點儀表板'!$B$10+U9*'114成績輸入與落點儀表板'!$B$11+V9*'114成績輸入與落點儀表板'!$B$12+W9*'114成績輸入與落點儀表板'!$B$13+X9*'114成績輸入與落點儀表板'!$B$14+Y9*'114成績輸入與落點儀表板'!$B$15+Z9*'114成績輸入與落點儀表板'!$B$16 -> 0 | I9: =H9-G9 -> -278 | J9: =IF(I9>=0, "PASS", "FAIL") -> FAIL | K9: =IF(AND(IF('114成績輸入與落點儀表板'!$C$2="必須採計",L9>0,IF('114成績輸入與落點儀表板'!$C$2="不可採計",L9=0,TRUE)),IF('114成績輸入與落點儀表板'!$C$3="必須採計",M9>0,IF('114成績輸入與落點儀表板'!$C$3="不可採計",M9=0,TRUE)),IF('114成績輸入與落點儀表板'!$C$4="必須採計",N9>0,IF('114成績輸入與落點儀表板'!$C$4="不可採計",N9=0,TRUE)),IF('114成績輸入與落點儀表板'!$C$5="必須採計",O9>0,IF('114成績輸入與落點儀表板'!$C$5="不可採計",O9=0,TRUE)),IF('114成績輸入與落點儀表板'!$C$6="必須採計",P9>0,IF('114成績輸入與落點儀表板'!$C$6="不可採計",P9=0,TRUE)),IF('114成績輸入與落點儀表板'!$C$7="必須採計",Q9>0,IF('114成績輸入與落點儀表板'!$C$7="不可採計",Q9=0,TRUE)),IF('114成績輸入與落點儀表板'!$C$8="必須採計",R9>0,IF('114成績輸入與落點儀表板'!$C$8="不可採計",R9=0,TRUE)),IF('114成績輸入與落點儀表板'!$C$9="必須採計",S9>0,IF('114成績輸入與落點儀表板'!$C$9="不可採計",S9=0,TRUE)),IF('114成績輸入與落點儀表板'!$C$10="必須採計",T9>0,IF('114成績輸入與落點儀表板'!$C$10="不可採計",T9=0,TRUE)),IF('114成績輸入與落點儀表板'!$C$11="必須採計",U9>0,IF('114成績輸入與落點儀表板'!$C$11="不可採計",U9=0,TRUE)),IF('114成績輸入與落點儀表板'!$C$12="必須採計",V9>0,IF('114成績輸入與落點儀表板'!$C$12="不可採計",V9=0,TRUE)),IF('114成績輸入與落點儀表板'!$C$13="必須採計",W9>0,IF('114成績輸入與落點儀表板'!$C$13="不可採計",W9=0,TRUE)),IF('114成績輸入與落點儀表板'!$C$14="必須採計",X9>0,IF('114成績輸入與落點儀表板'!$C$14="不可採計",X9=0,TRUE)),IF('114成績輸入與落點儀表板'!$C$15="必須採計",Y9>0,IF('114成績輸入與落點儀表板'!$C$15="不可採計",Y9=0,TRUE)),IF('114成績輸入與落點儀表板'!$C$16="必須採計",Z9>0,IF('114成績輸入與落點儀表板'!$C$16="不可採計",Z9=0,TRUE))),"✅ 符合","❌ 不符合") -> ✅ 符合 | L9: 1.5 | M9: 1.5 | N9: 0 | O9: 0 | P9: 0 | Q9: 1 | R9: 0 | S9: 0 | T9: 0 | U9: 1 | V9: 1 | W9: 0 | X9: 0 | Y9: 0 | Z9: 0
A10: 0011 | B10: 國立臺灣大學 | C10: 戲劇學系(女) | D10: 藝術與體育學群 | E10: 英x1.50 國x1.50 數Bx1.00 歷x1.00 地x1.00 | F10: 10 | G10: 291.5 | H10: =L10*'114成績輸入與落點儀表板'!$B$2+M10*'114成績輸入與落點儀表板'!$B$3+N10*'114成績輸入與落點儀表板'!$B$4+O10*'114成績輸入與落點儀表板'!$B$5+P10*'114成績輸入與落點儀表板'!$B$6+Q10*'114成績輸入與落點儀表板'!$B$7+R10*'114成績輸入與落點儀表板'!$B$8+S10*'114成績輸入與落點儀表板'!$B$9+T10*'114成績輸入與落點儀表板'!$B$10+U10*'114成績輸入與落點儀表板'!$B$11+V10*'114成績輸入與落點儀表板'!$B$12+W10*'114成績輸入與落點儀表板'!$B$13+X10*'114成績輸入與落點儀表板'!$B$14+Y10*'114成績輸入與落點儀表板'!$B$15+Z10*'114成績輸入與落點儀表板'!$B$16 -> 0 | I10: =H10-G10 -> -291.5 | J10: =IF(I10>=0, "PASS", "FAIL") -> FAIL | K10: =IF(AND(IF('114成績輸入與落點儀表板'!$C$2="必須採計",L10>0,IF('114成績輸入與落點儀表板'!$C$2="不可採計",L10=0,TRUE)),IF('114成績輸入與落點儀表板'!$C$3="必須採計",M10>0,IF('114成績輸入與落點儀表板'!$C$3="不可採計",M10=0,TRUE)),IF('114成績輸入與落點儀表板'!$C$4="必須採計",N10>0,IF('114成績輸入與落點儀表板'!$C$4="不可採計",N10=0,TRUE)),IF('114成績輸入與落點儀表板'!$C$5="必須採計",O10>0,IF('114成績輸入與落點儀表板'!$C$5="不可採計",O10=0,TRUE)),IF('114成績輸入與落點儀表板'!$C$6="必須採計",P10>0,IF('114成績輸入與落點儀表板'!$C$6="不可採計",P10=0,TRUE)),IF('114成績輸入與落點儀表板'!$C$7="必須採計",Q10>0,IF('114成績輸入與落點儀表板'!$C$7="不可採計",Q10=0,TRUE)),IF('114成績輸入與落點儀表板'!$C$8="必須採計",R10>0,IF('114成績輸入與落點儀表板'!$C$8="不可採計",R10=0,TRUE)),IF('114成績輸入與落點儀表板'!$C$9="必須採計",S10>0,IF('114成績輸入與落點儀表板'!$C$9="不可採計",S10=0,TRUE)),IF('114成績輸入與落點儀表板'!$C$10="必須採計",T10>0,IF('114成績輸入與落點儀表板'!$C$10="不可採計",T10=0,TRUE)),IF('114成績輸入與落點儀表板'!$C$11="必須採計",U10>0,IF('114成績輸入與落點儀表板'!$C$11="不可採計",U10=0,TRUE)),IF('114成績輸入與落點儀表板'!$C$12="必須採計",V10>0,IF('114成績輸入與落點儀表板'!$C$12="不可採計",V10=0,TRUE)),IF('114成績輸入與落點儀表板'!$C$13="必須採計",W10>0,IF('114成績輸入與落點儀表板'!$C$13="不可採計",W10=0,TRUE)),IF('114成績輸入與落點儀表板'!$C$14="必須採計",X10>0,IF('114成績輸入與落點儀表板'!$C$14="不可採計",X10=0,TRUE)),IF('114成績輸入與落點儀表板'!$C$15="必須採計",Y10>0,IF('114成績輸入與落點儀表板'!$C$15="不可採計",Y10=0,TRUE)),IF('114成績輸入與落點儀表板'!$C$16="必須採計",Z10>0,IF('114成績輸入與落點儀表板'!$C$16="不可採計",Z10=0,TRUE))),"✅ 符合","❌ 不符合") -> ✅ 符合 | L10: 1.5 | M10: 1.5 | N10: 0 | O10: 0 | P10: 0 | Q10: 1 | R10: 0 | S10: 0 | T10: 0 | U10: 1 | V10: 1 | W10: 0 | X10: 0 | Y10: 0 | Z10: 0
A11: 0012 | B11: 國立臺灣大學 | C11: 數學系 | D11: 數理化學群 | E11: 數Ax1.50 數甲x1.50 物x1.00 化x1.00 英x1.00 | F11: 15 | G11: 306.5 | H11: =L11*'114成績輸入與落點儀表板'!$B$2+M11*'114成績輸入與落點儀表板'!$B$3+N11*'114成績輸入與落點儀表板'!$B$4+O11*'114成績輸入與落點儀表板'!$B$5+P11*'114成績輸入與落點儀表板'!$B$6+Q11*'114成績輸入與落點儀表板'!$B$7+R11*'114成績輸入與落點儀表板'!$B$8+S11*'114成績輸入與落點儀表板'!$B$9+T11*'114成績輸入與落點儀表板'!$B$10+U11*'114成績輸入與落點儀表板'!$B$11+V11*'114成績輸入與落點儀表板'!$B$12+W11*'114成績輸入與落點儀表板'!$B$13+X11*'114成績輸入與落點儀表板'!$B$14+Y11*'114成績輸入與落點儀表板'!$B$15+Z11*'114成績輸入與落點儀表板'!$B$16 -> 0 | I11: =H11-G11 -> -306.5 | J11: =IF(I11>=0, "PASS", "FAIL") -> FAIL | K11: =IF(AND(IF('114成績輸入與落點儀表板'!$C$2="必須採計",L11>0,IF('114成績輸入與落點儀表板'!$C$2="不可採計",L11=0,TRUE)),IF('114成績輸入與落點儀表板'!$C$3="必須採計",M11>0,IF('114成績輸入與落點儀表板'!$C$3="不可採計",M11=0,TRUE)),IF('114成績輸入與落點儀表板'!$C$4="必須採計",N11>0,IF('114成績輸入與落點儀表板'!$C$4="不可採計",N11=0,TRUE)),IF('114成績輸入與落點儀表板'!$C$5="必須採計",O11>0,IF('114成績輸入與落點儀表板'!$C$5="不可採計",O11=0,TRUE)),IF('114成績輸入與落點儀表板'!$C$6="必須採計",P11>0,IF('114成績輸入與落點儀表板'!$C$6="不可採計",P11=0,TRUE)),IF('114成績輸入與落點儀表板'!$C$7="必須採計",Q11>0,IF('114成績輸入與落點儀表板'!$C$7="不可採計",Q11=0,TRUE)),IF('114成績輸入與落點儀表板'!$C$8="必須採計",R11>0,IF('114成績輸入與落點儀表板'!$C$8="不可採計",R11=0,TRUE)),IF('114成績輸入與落點儀表板'!$C$9="必須採計",S11>0,IF('114成績輸入與落點儀表板'!$C$9="不可採計",S11=0,TRUE)),IF('114成績輸入與落點儀表板'!$C$10="必須採計",T11>0,IF('114成績輸入與落點儀表板'!$C$10="不可採計",T11=0,TRUE)),IF('114成績輸入與落點儀表板'!$C$11="必須採計",U11>0,IF('114成績輸入與落點儀表板'!$C$11="不可採計",U11=0,TRUE)),IF('114成績輸入與落點儀表板'!$C$12="必須採計",V11>0,IF('114成績輸入與落點儀表板'!$C$12="不可採計",V11=0,TRUE)),IF('114成績輸入與落點儀表板'!$C$13="必須採計",W11>0,IF('114成績輸入與落點儀表板'!$C$13="不可採計",W11=0,TRUE)),IF('114成績輸入與落點儀表板'!$C$14="必須採計",X11>0,IF('114成績輸入與落點儀表板'!$C$14="不可採計",X11=0,TRUE)),IF('114成績輸入與落點儀表板'!$C$15="必須採計",Y11>0,IF('114成績輸入與落點儀表板'!$C$15="不可採計",Y11=0,TRUE)),IF('114成績輸入與落點儀表板'!$C$16="必須採計",Z11>0,IF('114成績輸入與落點儀表板'!$C$16="不可採計",Z11=0,TRUE))),"✅ 符合","❌ 不符合") -> ❌ 不符合 | L11: 0 | M11: 1 | N11: 1.5 | O11: 0 | P11: 1.5 | Q11: 0 | R11: 1 | S11: 1 | T11: 0 | U11: 0 | V11: 0 | W11: 0 | X11: 0 | Y11: 0 | Z11: 0
A12: 0013 | B12: 國立臺灣大學 | C12: 物理學系 | D12: 數理化學群 | E12: 物x1.50 數甲x1.50 英x1.00 化x1.00 | F12: 15 | G12: 280 | H12: =L12*'114成績輸入與落點儀表板'!$B$2+M12*'114成績輸入與落點儀表板'!$B$3+N12*'114成績輸入與落點儀表板'!$B$4+O12*'114成績輸入與落點儀表板'!$B$5+P12*'114成績輸入與落點儀表板'!$B$6+Q12*'114成績輸入與落點儀表板'!$B$7+R12*'114成績輸入與落點儀表板'!$B$8+S12*'114成績輸入與落點儀表板'!$B$9+T12*'114成績輸入與落點儀表板'!$B$10+U12*'114成績輸入與落點儀表板'!$B$11+V12*'114成績輸入與落點儀表板'!$B$12+W12*'114成績輸入與落點儀表板'!$B$13+X12*'114成績輸入與落點儀表板'!$B$14+Y12*'114成績輸入與落點儀表板'!$B$15+Z12*'114成績輸入與落點儀表板'!$B$16 -> 0 | I12: =H12-G12 -> -280 | J12: =IF(I12>=0, "PASS", "FAIL") -> FAIL | K12: =IF(AND(IF('114成績輸入與落點儀表板'!$C$2="必須採計",L12>0,IF('114成績輸入與落點儀表板'!$C$2="不可採計",L12=0,TRUE)),IF('114成績輸入與落點儀表板'!$C$3="必須採計",M12>0,IF('114成績輸入與落點儀表板'!$C$3="不可採計",M12=0,TRUE)),IF('114成績輸入與落點儀表板'!$C$4="必須採計",N12>0,IF('114成績輸入與落點儀表板'!$C$4="不可採計",N12=0,TRUE)),IF('114成績輸入與落點儀表板'!$C$5="必須採計",O12>0,IF('114成績輸入與落點儀表板'!$C$5="不可採計",O12=0,TRUE)),IF('114成績輸入與落點儀表板'!$C$6="必須採計",P12>0,IF('114成績輸入與落點儀表板'!$C$6="不可採計",P12=0,TRUE)),IF('114成績輸入與落點儀表板'!$C$7="必須採計",Q12>0,IF('114成績輸入與落點儀表板'!$C$7="不可採計",Q12=0,TRUE)),IF('114成績輸入與落點儀表板'!$C$8="必須採計",R12>0,IF('114成績輸入與落點儀表板'!$C$8="不可採計",R12=0,TRUE)),IF('114成績輸入與落點儀表板'!$C$9="必須採計",S12>0,IF('114成績輸入與落點儀表板'!$C$9="不可採計",S12=0,TRUE)),IF('114成績輸入與落點儀表板'!$C$10="必須採計",T12>0,IF('114成績輸入與落點儀表板'!$C$10="不可採計",T12=0,TRUE)),IF('114成績輸入與落點儀表板'!$C$11="必須採計",U12>0,IF('114成績輸入與落點儀表板'!$C$11="不可採計",U12=0,TRUE)),IF('114成績輸入與落點儀表板'!$C$12="必須採計",V12>0,IF('114成績輸入與落點儀表板'!$C$12="不可採計",V12=0,TRUE)),IF('114成績輸入與落點儀表板'!$C$13="必須採計",W12>0,IF('114成績輸入與落點儀表板'!$C$13="不可採計",W12=0,TRUE)),IF('114成績輸入與落點儀表板'!$C$14="必須採計",X12>0,IF('114成績輸入與落點儀表板'!$C$14="不可採計",X12=0,TRUE)),IF('114成績輸入與落點儀表板'!$C$15="必須採計",Y12>0,IF('114成績輸入與落點儀表板'!$C$15="不可採計",Y12=0,TRUE)),IF('114成績輸入與落點儀表板'!$C$16="必須採計",Z12>0,IF('114成績輸入與落點儀表板'!$C$16="不可採計",Z12=0,TRUE))),"✅ 符合","❌ 不符合") -> ❌ 不符合 | L12: 0 | M12: 1 | N12: 1.5 | O12: 0 | P12: 0 | Q12: 0 | R12: 1.5 | S12: 1 | T12: 0 | U12: 0 | V12: 0 | W12: 0 | X12: 0 | Y12: 0 | Z12: 0
A13: 0014 | B13: 國立臺灣大學 | C13: 化學系 | D13: 數理化學群 | E13: 化x1.00 英x1.00 數甲x1.00 物x1.00 國x1.00 | F13: 32 | G13: 254 | H13: =L13*'114成績輸入與落點儀表板'!$B$2+M13*'114成績輸入與落點儀表板'!$B$3+N13*'114成績輸入與落點儀表板'!$B$4+O13*'114成績輸入與落點儀表板'!$B$5+P13*'114成績輸入與落點儀表板'!$B$6+Q13*'114成績輸入與落點儀表板'!$B$7+R13*'114成績輸入與落點儀表板'!$B$8+S13*'114成績輸入與落點儀表板'!$B$9+T13*'114成績輸入與落點儀表板'!$B$10+U13*'114成績輸入與落點儀表板'!$B$11+V13*'114成績輸入與落點儀表板'!$B$12+W13*'114成績輸入與落點儀表板'!$B$13+X13*'114成績輸入與落點儀表板'!$B$14+Y13*'114成績輸入與落點儀表板'!$B$15+Z13*'114成績輸入與落點儀表板'!$B$16 -> 0 | I13: =H13-G13 -> -254 | J13: =IF(I13>=0, "PASS", "FAIL") -> FAIL | K13: =IF(AND(IF('114成績輸入與落點儀表板'!$C$2="必須採計",L13>0,IF('114成績輸入與落點儀表板'!$C$2="不可採計",L13=0,TRUE)),IF('114成績輸入與落點儀表板'!$C$3="必須採計",M13>0,IF('114成績輸入與落點儀表板'!$C$3="不可採計",M13=0,TRUE)),IF('114成績輸入與落點儀表板'!$C$4="必須採計",N13>0,IF('114成績輸入與落點儀表板'!$C$4="不可採計",N13=0,TRUE)),IF('114成績輸入與落點儀表板'!$C$5="必須採計",O13>0,IF('114成績輸入與落點儀表板'!$C$5="不可採計",O13=0,TRUE)),IF('114成績輸入與落點儀表板'!$C$6="必須採計",P13>0,IF('114成績輸入與落點儀表板'!$C$6="不可採計",P13=0,TRUE)),IF('114成績輸入與落點儀表板'!$C$7="必須採計",Q13>0,IF('114成績輸入與落點儀表板'!$C$7="不可採計",Q13=0,TRUE)),IF('114成績輸入與落點儀表板'!$C$8="必須採計",R13>0,IF('114成績輸入與落點儀表板'!$C$8="不可採計",R13=0,TRUE)),IF('114成績輸入與落點儀表板'!$C$9="必須採計",S13>0,IF('114成績輸入與落點儀表板'!$C$9="不可採計",S13=0,TRUE)),IF('114成績輸入與落點儀表板'!$C$10="必須採計",T13>0,IF('114成績輸入與落點儀表板'!$C$10="不可採計",T13=0,TRUE)),IF('114成績輸入與落點儀表板'!$C$11="必須採計",U13>0,IF('114成績輸入與落點儀表板'!$C$11="不可採計",U13=0,TRUE)),IF('114成績輸入與落點儀表板'!$C$12="必須採計",V13>0,IF('114成績輸入與落點儀表板'!$C$12="不可採計",V13=0,TRUE)),IF('114成績輸入與落點儀表板'!$C$13="必須採計",W13>0,IF('114成績輸入與落點儀表板'!$C$13="不可採計",W13=0,TRUE)),IF('114成績輸入與落點儀表板'!$C$14="必須採計",X13>0,IF('114成績輸入與落點儀表板'!$C$14="不可採計",X13=0,TRUE)),IF('114成績輸入與落點儀表板'!$C$15="必須採計",Y13>0,IF('114成績輸入與落點儀表板'!$C$15="不可採計",Y13=0,TRUE)),IF('114成績輸入與落點儀表板'!$C$16="必須採計",Z13>0,IF('114成績輸入與落點儀表板'!$C$16="不可採計",Z13=0,TRUE))),"✅ 符合","❌ 不符合") -> ✅ 符合 | L13: 1 | M13: 1 | N13: 1 | O13: 0 | P13: 0 | Q13: 0 | R13: 1 | S13: 1 | T13: 0 | U13: 0 | V13: 0 | W13: 0 | X13: 0 | Y13: 0 | Z13: 0
... A1700: 3373 | B1700: 國立金門大學 | C1700: 護理學系(B組) | D1700: 醫藥衛生學群 | E1700: 國x2.00 公x1.50 英x1.00 | F1700: 6 | G1700: 113 | H1700: =L1700*'114成績輸入與落點儀表板'!$B$2+M1700*'114成績輸入與落點儀表板'!$B$3+N1700*'114成績輸入與落點儀表板'!$B$4+O1700*'114成績輸入與落點儀表板'!$B$5+P1700*'114成績輸入與落點儀表板'!$B$6+Q1700*'114成績輸入與落點儀表板'!$B$7+R1700*'114成績輸入與落點儀表板'!$B$8+S1700*'114成績輸入與落點儀表板'!$B$9+T1700*'114成績輸入與落點儀表板'!$B$10+U1700*'114成績輸入與落點儀表板'!$B$11+V1700*'114成績輸入與落點儀表板'!$B$12+W1700*'114成績輸入與落點儀表板'!$B$13+X1700*'114成績輸入與落點儀表板'!$B$14+Y1700*'114成績輸入與落點儀表板'!$B$15+Z1700*'114成績輸入與落點儀表板'!$B$16 -> 0 | I1700: =H1700-G1700 -> -113 | J1700: =IF(I1700>=0, "PASS", "FAIL") -> FAIL | K1700: =IF(AND(IF('114成績輸入與落點儀表板'!$C$2="必須採計",L1700>0,IF('114成績輸入與落點儀表板'!$C$2="不可採計",L1700=0,TRUE)),IF('114成績輸入與落點儀表板'!$C$3="必須採計",M1700>0,IF('114成績輸入與落點儀表板'!$C$3="不可採計",M1700=0,TRUE)),IF('114成績輸入與落點儀表板'!$C$4="必須採計",N1700>0,IF('114成績輸入與落點儀表板'!$C$4="不可採計",N1700=0,TRUE)),IF('114成績輸入與落點儀表板'!$C$5="必須採計",O1700>0,IF('114成績輸入與落點儀表板'!$C$5="不可採計",O1700=0,TRUE)),IF('114成績輸入與落點儀表板'!$C$6="必須採計",P1700>0,IF('114成績輸入與落點儀表板'!$C$6="不可採計",P1700=0,TRUE)),IF('114成績輸入與落點儀表板'!$C$7="必須採計",Q1700>0,IF('114成績輸入與落點儀表板'!$C$7="不可採計",Q1700=0,TRUE)),IF('114成績輸入與落點儀表板'!$C$8="必須採計",R1700>0,IF('114成績輸入與落點儀表板'!$C$8="不可採計",R1700=0,TRUE)),IF('114成績輸入與落點儀表板'!$C$9="必須採計",S1700>0,IF('114成績輸入與落點儀表板'!$C$9="不可採計",S1700=0,TRUE)),IF('114成績輸入與落點儀表板'!$C$10="必須採計",T1700>0,IF('114成績輸入與落點儀表板'!$C$10="不可採計",T1700=0,TRUE)),IF('114成績輸入與落點儀表板'!$C$11="必須採計",U1700>0,IF('114成績輸入與落點儀表板'!$C$11="不可採計",U1700=0,TRUE)),IF('114成績輸入與落點儀表板'!$C$12="必須採計",V1700>0,IF('114成績輸入與落點儀表板'!$C$12="不可採計",V1700=0,TRUE)),IF('114成績輸入與落點儀表板'!$C$13="必須採計",W1700>0,IF('114成績輸入與落點儀表板'!$C$13="不可採計",W1700=0,TRUE)),IF('114成績輸入與落點儀表板'!$C$14="必須採計",X1700>0,IF('114成績輸入與落點儀表板'!$C$14="不可採計",X1700=0,TRUE)),IF('114成績輸入與落點儀表板'!$C$15="必須採計",Y1700>0,IF('114成績輸入與落點儀表板'!$C$15="不可採計",Y1700=0,TRUE)),IF('114成績輸入與落點儀表板'!$C$16="必須採計",Z1700>0,IF('114成績輸入與落點儀表板'!$C$16="不可採計",Z1700=0,TRUE))),"✅ 符合","❌ 不符合") -> ✅ 符合 | L1700: 2 | M1700: 1 | N1700: 0 | O1700: 0 | P1700: 0 | Q1700: 0 | R1700: 0 | S1700: 0 | T1700: 0 | U1700: 0 | V1700: 0 | W1700: 1.5 | X1700: 0 | Y1700: 0 | Z1700: 0

Sheet 113志願落點分析
A1: 系組代碼 | B1: 校名 | C1: 系組名 | D1: 學群分類 | E1: 採計及加權 | F1: 錄取人數 | G1: 最低錄取分數 | H1: 我的加權總分 | I1: 差距 | J1: 預估結果 | K1: 科目篩選結果 | L1: 國 | M1: 英 | N1: 數甲 | O1: 數乙 | P1: 數A | Q1: 數B | R1: 物 | S1: 化 | T1: 生 | U1: 歷 | V1: 地 | W1: 公 | X1: 社 | Y1: 自 | Z1: 術
A2: 0001 | B2: 國立臺灣大學 | C2: 中國文學系 | D2: 文史哲學群 | E2: 國x1.50 英x1.25 歷x1.25 地x1.00 | F2: 21 | G2: 259 | H2: =L2*'114成績輸入與落點儀表板'!$B$2+M2*'114成績輸入與落點儀表板'!$B$3+N2*'114成績輸入與落點儀表板'!$B$4+O2*'114成績輸入與落點儀表板'!$B$5+P2*'114成績輸入與落點儀表板'!$B$6+Q2*'114成績輸入與落點儀表板'!$B$7+R2*'114成績輸入與落點儀表板'!$B$8+S2*'114成績輸入與落點儀表板'!$B$9+T2*'114成績輸入與落點儀表板'!$B$10+U2*'114成績輸入與落點儀表板'!$B$11+V2*'114成績輸入與落點儀表板'!$B$12+W2*'114成績輸入與落點儀表板'!$B$13+X2*'114成績輸入與落點儀表板'!$B$14+Y2*'114成績輸入與落點儀表板'!$B$15+Z2*'114成績輸入與落點儀表板'!$B$16 -> 0 | I2: =IF(G2="","",H2-G2) -> -259 | J2: =IF(G2="","無錄取資料",IF(I2>=0,"PASS","FAIL")) -> FAIL | K2: =IF(AND(IF('114成績輸入與落點儀表板'!$C$2="必須採計",L2>0,IF('114成績輸入與落點儀表板'!$C$2="不可採計",L2=0,TRUE)),IF('114成績輸入與落點儀表板'!$C$3="必須採計",M2>0,IF('114成績輸入與落點儀表板'!$C$3="不可採計",M2=0,TRUE)),IF('114成績輸入與落點儀表板'!$C$4="必須採計",N2>0,IF('114成績輸入與落點儀表板'!$C$4="不可採計",N2=0,TRUE)),IF('114成績輸入與落點儀表板'!$C$5="必須採計",O2>0,IF('114成績輸入與落點儀表板'!$C$5="不可採計",O2=0,TRUE)),IF('114成績輸入與落點儀表板'!$C$6="必須採計",P2>0,IF('114成績輸入與落點儀表板'!$C$6="不可採計",P2=0,TRUE)),IF('114成績輸入與落點儀表板'!$C$7="必須採計",Q2>0,IF('114成績輸入與落點儀表板'!$C$7="不可採計",Q2=0,TRUE)),IF('114成績輸入與落點儀表板'!$C$8="必須採計",R2>0,IF('114成績輸入與落點儀表板'!$C$8="不可採計",R2=0,TRUE)),IF('114成績輸入與落點儀表板'!$C$9="必須採計",S2>0,IF('114成績輸入與落點儀表板'!$C$9="不可採計",S2=0,TRUE)),IF('114成績輸入與落點儀表板'!$C$10="必須採計",T2>0,IF('114成績輸入與落點儀表板'!$C$10="不可採計",T2=0,TRUE)),IF('114成績輸入與落點儀表板'!$C$11="必須採計",U2>0,IF('114成績輸入與落點儀表板'!$C$11="不可採計",U2=0,TRUE)),IF('114成績輸入與落點儀表板'!$C$12="必須採計",V2>0,IF('114成績輸入與落點儀表板'!$C$12="不可採計",V2=0,TRUE)),IF('114成績輸入與落點儀表板'!$C$13="必須採計",W2>0,IF('114成績輸入與落點儀表板'!$C$13="不可採計",W2=0,TRUE)),IF('114成績輸入與落點儀表板'!$C$14="必須採計",X2>0,IF('114成績輸入與落點儀表板'!$C$14="不可採計",X2=0,TRUE)),IF('114成績輸入與落點儀表板'!$C$15="必須採計",Y2>0,IF('114成績輸入與落點儀表板'!$C$15="不可採計",Y2=0,TRUE)),IF('114成績輸入與落點儀表板'!$C$16="必須採計",Z2>0,IF('114成績輸入與落點儀表板'!$C$16="不可採計",Z2=0,TRUE))),"✅ 符合","❌ 不符合") -> ✅ 符合 | L2: 1.5 | M2: 1.25 | N2: 0 | O2: 0 | P2: 0 | Q2: 0 | R2: 0 | S2: 0 | T2: 0 | U2: 1.25 | V2: 1 | W2: 0 | X2: 0 | Y2: 0 | Z2: 0
A3: 0002 | B3: 國立臺灣大學 | C3: 外國語文學系 | D3: 外語學群 | E3: 英x2.00 國x1.25 歷x1.00 地x1.00 | F3: 42 | G3: 282.75 | H3: =L3*'114成績輸入與落點儀表板'!$B$2+M3*'114成績輸入與落點儀表板'!$B$3+N3*'114成績輸入與落點儀表板'!$B$4+O3*'114成績輸入與落點儀表板'!$B$5+P3*'114成績輸入與落點儀表板'!$B$6+Q3*'114成績輸入與落點儀表板'!$B$7+R3*'114成績輸入與落點儀表板'!$B$8+S3*'114成績輸入與落點儀表板'!$B$9+T3*'114成績輸入與落點儀表板'!$B$10+U3*'114成績輸入與落點儀表板'!$B$11+V3*'114成績輸入與落點儀表板'!$B$12+W3*'114成績輸入與落點儀表板'!$B$13+X3*'114成績輸入與落點儀表板'!$B$14+Y3*'114成績輸入與落點儀表板'!$B$15+Z3*'114成績輸入與落點儀表板'!$B$16 -> 0 | I3: =IF(G3="","",H3-G3) -> -282.75 | J3: =IF(G3="","無錄取資料",IF(I3>=0,"PASS","FAIL")) -> FAIL | K3: =IF(AND(IF('114成績輸入與落點儀表板'!$C$2="必須採計",L3>0,IF('114成績輸入與落點儀表板'!$C$2="不可採計",L3=0,TRUE)),IF('114成績輸入與落點儀表板'!$C$3="必須採計",M3>0,IF('114成績輸入與落點儀表板'!$C$3="不可採計",M3=0,TRUE)),IF('114成績輸入與落點儀表板'!$C$4="必須採計",N3>0,IF('114成績輸入與落點儀表板'!$C$4="不可採計",N3=0,TRUE)),IF('114成績輸入與落點儀表板'!$C$5="必須採計",O3>0,IF('114成績輸入與落點儀表板'!$C$5="不可採計",O3=0,TRUE)),IF('114成績輸入與落點儀表板'!$C$6="必須採計",P3>0,IF('114成績輸入與落點儀表板'!$C$6="不可採計",P3=0,TRUE)),IF('114成績輸入與落點儀表板'!$C$7="必須採計",Q3>0,IF('114成績輸入與落點儀表板'!$C$7="不可採計",Q3=0,TRUE)),IF('114成績輸入與落點儀表板'!$C$8="必須採計",R3>0,IF('114成績輸入與落點儀表板'!$C$8="不可採計",R3=0,TRUE)),IF('114成績輸入與落點儀表板'!$C$9="必須採計",S3>0,IF('114成績輸入與落點儀表板'!$C$9="不可採計",S3=0,TRUE)),IF('114成績輸入與落點儀表板'!$C$10="必須採計",T3>0,IF('114成績輸入與落點儀表板'!$C$10="不可採計",T3=0,TRUE)),IF('114成績輸入與落點儀表板'!$C$11="必須採計",U3>0,IF('114成績輸入與落點儀表板'!$C$11="不可採計",U3=0,TRUE)),IF('114成績輸入與落點儀表板'!$C$12="必須採計",V3>0,IF('114成績輸入與落點儀表板'!$C$12="不可採計",V3=0,TRUE)),IF('114成績輸入與落點儀表板'!$C$13="必須採計",W3>0,IF('114成績輸入與落點儀表板'!$C$13="不可採計",W3=0,TRUE)),IF('114成績輸入與落點儀表板'!$C$14="必須採計",X3>0,IF('114成績輸入與落點儀表板'!$C$14="不可採計",X3=0,TRUE)),IF('114成績輸入與落點儀表板'!$C$15="必須採計",Y3>0,IF('114成績輸入與落點儀表板'!$C$15="不可採計",Y3=0,TRUE)),IF('114成績輸入與落點儀表板'!$C$16="必須採計",Z3>0,IF('114成績輸入與落點儀表板'!$C$16="不可採計",Z3=0,TRUE))),"✅ 符合","❌ 不符合") -> ✅ 符合 | L3: 1.25 | M3: 2 | N3: 0 | O3: 0 | P3: 0 | Q3: 0 | R3: 0 | S3: 0 | T3: 0 | U3: 1 | V3: 1 | W3: 0 | X3: 0 | Y3: 0 | Z3: 0
A4: 0003 | B4: 國立臺灣大學 | C4: 歷史學系 | D4: 文史哲學群 | E4: 歷x1.00 國x1.00 英x1.00 地x1.00 公x1.00 | F4: 22 | G4: 263 | H4: =L4*'114成績輸入與落點儀表板'!$B$2+M4*'114成績輸入與落點儀表板'!$B$3+N4*'114成績輸入與落點儀表板'!$B$4+O4*'114成績輸入與落點儀表板'!$B$5+P4*'114成績輸入與落點儀表板'!$B$6+Q4*'114成績輸入與落點儀表板'!$B$7+R4*'114成績輸入與落點儀表板'!$B$8+S4*'114成績輸入與落點儀表板'!$B$9+T4*'114成績輸入與落點儀表板'!$B$10+U4*'114成績輸入與落點儀表板'!$B$11+V4*'114成績輸入與落點儀表板'!$B$12+W4*'114成績輸入與落點儀表板'!$B$13+X4*'114成績輸入與落點儀表板'!$B$14+Y4*'114成績輸入與落點儀表板'!$B$15+Z4*'114成績輸入與落點儀表板'!$B$16 -> 0 | I4: =IF(G4="","",H4-G4) -> -263 | J4: =IF(G4="","無錄取資料",IF(I4>=0,"PASS","FAIL")) -> FAIL | K4: =IF(AND(IF('114成績輸入與落點儀表板'!$C$2="必須採計",L4>0,IF('114成績輸入與落點儀表板'!$C$2="不可採計",L4=0,TRUE)),IF('114成績輸入與落點儀表板'!$C$3="必須採計",M4>0,IF('114成績輸入與落點儀表板'!$C$3="不可採計",M4=0,TRUE)),IF('114成績輸入與落點儀表板'!$C$4="必須採計",N4>0,IF('114成績輸入與落點儀表板'!$C$4="不可採計",N4=0,TRUE)),IF('114成績輸入與落點儀表板'!$C$5="必須採計",O4>0,IF('114成績輸入與落點儀表板'!$C$5="不可採計",O4=0,TRUE)),IF('114成績輸入與落點儀表板'!$C$6="必須採計",P4>0,IF('114成績輸入與落點儀表板'!$C$6="不可採計",P4=0,TRUE)),IF('114成績輸入與落點儀表板'!$C$7="必須採計",Q4>0,IF('114成績輸入與落點儀表板'!$C$7="不可採計",Q4=0,TRUE)),IF('114成績輸入與落點儀表板'!$C$8="必須採計",R4>0,IF('114成績輸入與落點儀表板'!$C$8="不可採計",R4=0,TRUE)),IF('114成績輸入與落點儀表板'!$C$9="必須採計",S4>0,IF('114成績輸入與落點儀表板'!$C$9="不可採計",S4=0,TRUE)),IF('114成績輸入與落點儀表板'!$C$10="必須採計",T4>0,IF('114成績輸入與落點儀表板'!$C$10="不可採計",T4=0,TRUE)),IF('114成績輸入與落點儀表板'!$C$11="必須採計",U4>0,IF('114成績輸入與落點儀表板'!$C$11="不可採計",U4=0,TRUE)),IF('114成績輸入與落點儀表板'!$C$12="必須採計",V4>0,IF('114成績輸入與落點儀表板'!$C$12="不可採計",V4=0,TRUE)),IF('114成績輸入與落點儀表板'!$C$13="必須採計",W4>0,IF('114成績輸入與落點儀表板'!$C$13="不可採計",W4=0,TRUE)),IF('114成績輸入與落點儀表板'!$C$14="必須採計",X4>0,IF('114成績輸入與落點儀表板'!$C$14="不可採計",X4=0,TRUE)),IF('114成績輸入與落點儀表板'!$C$15="必須採計",Y4>0,IF('114成績輸入與落點儀表板'!$C$15="不可採計",Y4=0,TRUE)),IF('114成績輸入與落點儀表板'!$C$16="必須採計",Z4>0,IF('114成績輸入與落點儀表板'!$C$16="不可採計",Z4=0,TRUE))),"✅ 符合","❌ 不符合") -> ✅ 符合 | L4: 1 | M4: 1 | N4: 0 | O4: 0 | P4: 0 | Q4: 0 | R4: 0 | S4: 0 | T4: 0 | U4: 1 | V4: 1 | W4: 1 | X4: 0 | Y4: 0 | Z4: 0
A5: 0004 | B5: 國立臺灣大學 | C5: 哲學系 | D5: 文史哲學群 | E5: 國x1.00 英x1.00 歷x1.00 公x1.00 | F5: 16 | G5: 203 | H5: =L5*'114成績輸入與落點儀表板'!$B$2+M5*'114成績輸入與落點儀表板'!$B$3+N5*'114成績輸入與落點儀表板'!$B$4+O5*'114成績輸入與落點儀表板'!$B$5+P5*'114成績輸入與落點儀表板'!$B$6+Q5*'114成績輸入與落點儀表板'!$B$7+R5*'114成績輸入與落點儀表板'!$B$8+S5*'114成績輸入與落點儀表板'!$B$9+T5*'114成績輸入與落點儀表板'!$B$10+U5*'114成績輸入與落點儀表板'!$B$11+V5*'114成績輸入與落點儀表板'!$B$12+W5*'114成績輸入與落點儀表板'!$B$13+X5*'114成績輸入與落點儀表板'!$B$14+Y5*'114成績輸入與落點儀表板'!$B$15+Z5*'114成績輸入與落點儀表板'!$B$16 -> 0 | I5: =IF(G5="","",H5-G5) -> -203 | J5: =IF(G5="","無錄取資料",IF(I5>=0,"PASS","FAIL")) -> FAIL | K5: =IF(AND(IF('114成績輸入與落點儀表板'!$C$2="必須採計",L5>0,IF('114成績輸入與落點儀表板'!$C$2="不可採計",L5=0,TRUE)),IF('114成績輸入與落點儀表板'!$C$3="必須採計",M5>0,IF('114成績輸入與落點儀表板'!$C$3="不可採計",M5=0,TRUE)),IF('114成績輸入與落點儀表板'!$C$4="必須採計",N5>0,IF('114成績輸入與落點儀表板'!$C$4="不可採計",N5=0,TRUE)),IF('114成績輸入與落點儀表板'!$C$5="必須採計",O5>0,IF('114成績輸入與落點儀表板'!$C$5="不可採計",O5=0,TRUE)),IF('114成績輸入與落點儀表板'!$C$6="必須採計",P5>0,IF('114成績輸入與落點儀表板'!$C$6="不可採計",P5=0,TRUE)),IF('114成績輸入與落點儀表板'!$C$7="必須採計",Q5>0,IF('114成績輸入與落點儀表板'!$C$7="不可採計",Q5=0,TRUE)),IF('114成績輸入與落點儀表板'!$C$8="必須採計",R5>0,IF('114成績輸入與落點儀表板'!$C$8="不可採計",R5=0,TRUE)),IF('114成績輸入與落點儀表板'!$C$9="必須採計",S5>0,IF('114成績輸入與落點儀表板'!$C$9="不可採計",S5=0,TRUE)),IF('114成績輸入與落點儀表板'!$C$10="必須採計",T5>0,IF('114成績輸入與落點儀表板'!$C$10="不可採計",T5=0,TRUE)),IF('114成績輸入與落點儀表板'!$C$11="必須採計",U5>0,IF('114成績輸入與落點儀表板'!$C$11="不可採計",U5=0,TRUE)),IF('114成績輸入與落點儀表板'!$C$12="必須採計",V5>0,IF('114成績輸入與落點儀表板'!$C$12="不可採計",V5=0,TRUE)),IF('114成績輸入與落點儀表板'!$C$13="必須採計",W5>0,IF('114成績輸入與落點儀表板'!$C$13="不可採計",W5=0,TRUE)),IF('114成績輸入與落點儀表板'!$C$14="必須採計",X5>0,IF('114成績輸入與落點儀表板'!$C$14="不可採計",X5=0,TRUE)),IF('114成績輸入與落點儀表板'!$C$15="必須採計",Y5>0,IF('114成績輸入與落點儀表板'!$C$15="不可採計",Y5=0,TRUE)),IF('114成績輸入與落點儀表板'!$C$16="必須採計",Z5>0,IF('114成績輸入與落點儀表板'!$C$16="不可採計",Z5=0,TRUE))),"✅ 符合","❌ 不符合") -> ✅ 符合 | L5: 1 | M5: 1 | N5: 0 | O5: 0 | P5: 0 | Q5: 0 | R5: 0 | S5: 0 | T5: 0 | U5: 1 | V5: 0 | W5: 1 | X5: 0 | Y5: 0 | Z5: 0
A6: 0005 | B6: 國立臺灣大學 | C6: 人類學系 | D6: 社會與心理學群 | E6: 英x1.50 歷x1.00 國x1.00 地x1.00 公x1.00 | F6: 22 | G6: 282.5 | H6: =L6*'114成績輸入與落點儀表板'!$B$2+M6*'114成績輸入與落點儀表板'!$B$3+N6*'114成績輸入與落點儀表板'!$B$4+O6*'114成績輸入與落點儀表板'!$B$5+P6*'114成績輸入與落點儀表板'!$B$6+Q6*'114成績輸入與落點儀表板'!$B$7+R6*'114成績輸入與落點儀表板'!$B$8+S6*'114成績輸入與落點儀表板'!$B$9+T6*'114成績輸入與落點儀表板'!$B$10+U6*'114成績輸入與落點儀表板'!$B$11+V6*'114成績輸入與落點儀表板'!$B$12+W6*'114成績輸入與落點儀表板'!$B$13+X6*'114成績輸入與落點儀表板'!$B$14+Y6*'114成績輸入與落點儀表板'!$B$15+Z6*'114成績輸入與落點儀表板'!$B$16 -> 0 | I6: =IF(G6="","",H6-G6) -> -282.5 | J6: =IF(G6="","無錄取資料",IF(I6>=0,"PASS","FAIL")) -> FAIL | K6: =IF(AND(IF('114成績輸入與落點儀表板'!$C$2="必須採計",L6>0,IF('114成績輸入與落點儀表板'!$C$2="不可採計",L6=0,TRUE)),IF('114成績輸入與落點儀表板'!$C$3="必須採計",M6>0,IF('114成績輸入與落點儀表板'!$C$3="不可採計",M6=0,TRUE)),IF('114成績輸入與落點儀表板'!$C$4="必須採計",N6>0,IF('114成績輸入與落點儀表板'!$C$4="不可採計",N6=0,TRUE)),IF('114成績輸入與落點儀表板'!$C$5="必須採計",O6>0,IF('114成績輸入與落點儀表板'!$C$5="不可採計",O6=0,TRUE)),IF('114成績輸入與落點儀表板'!$C$6="必須採計",P6>0,IF('114成績輸入與落點儀表板'!$C$6="不可採計",P6=0,TRUE)),IF('114成績輸入與落點儀表板'!$C$7="必須採計",Q6>0,IF('114成績輸入與落點儀表板'!$C$7="不可採計",Q6=0,TRUE)),IF('114成績輸入與落點儀表板'!$C$8="必須採計",R6>0,IF('114成績輸入與落點儀表板'!$C$8="不可採計",R6=0,TRUE)),IF('114成績輸入與落點儀表板'!$C$9="必須採計",S6>0,IF('114成績輸入與落點儀表板'!$C$9="不可採計",S6=0,TRUE)),IF('114成績輸入與落點儀表板'!$C$10="必須採計",T6>0,IF('114成績輸入與落點儀表板'!$C$10="不可採計",T6=0,TRUE)),IF('114成績輸入與落點儀表板'!$C$11="必須採計",U6>0,IF('114成績輸入與落點儀表板'!$C$11="不可採計",U6=0,TRUE)),IF('114成績輸入與落點儀表板'!$C$12="必須採計",V6>0,IF('114成績輸入與落點儀表板'!$C$12="不可採計",V6=0,TRUE)),IF('114成績輸入與落點儀表板'!$C$13="必須採計",W6>0,IF('114成績輸入與落點儀表板'!$C$13="不可採計",W6=0,TRUE)),IF('114成績輸入與落點儀表板'!$C$14="必須採計",X6>0,IF('114成績輸入與落點儀表板'!$C$14="不可採計",X6=0,TRUE)),IF('114成績輸入與落點儀表板'!$C$15="必須採計",Y6>0,IF('114成績輸入與落點儀表板'!$C$15="不可採計",Y6=0,TRUE)),IF('114成績輸入與落點儀表板'!$C$16="必須採計",Z6>0,IF('114成績輸入與落點儀表板'!$C$16="不可採計",Z6=0,TRUE))),"✅ 符合","❌ 不符合") -> ✅ 符合 | L6: 1 | M6: 1.5 | N6: 0 | O6: 0 | P6: 0 | Q6: 0 | R6: 0 | S6: 0 | T6: 0 | U6: 1 | V6: 1 | W6: 1 | X6: 0 | Y6: 0 | Z6: 0
A7: 0006 | B7: 國立臺灣大學 | C7: 圖書資訊學系 | D7: 文史哲學群 | E7: 國x1.25 英x1.25 歷x1.00 公x1.00 | F7: 16 | G7: 238 | H7: =L7*'114成績輸入與落點儀表板'!$B$2+M7*'114成績輸入與落點儀表板'!$B$3+N7*'114成績輸入與落點儀表板'!$B$4+O7*'114成績輸入與落點儀表板'!$B$5+P7*'114成績輸入與落點儀表板'!$B$6+Q7*'114成績輸入與落點儀表板'!$B$7+R7*'114成績輸入與落點儀表板'!$B$8+S7*'114成績輸入與落點儀表板'!$B$9+T7*'114成績輸入與落點儀表板'!$B$10+U7*'114成績輸入與落點儀表板'!$B$11+V7*'114成績輸入與落點儀表板'!$B$12+W7*'114成績輸入與落點儀表板'!$B$13+X7*'114成績輸入與落點儀表板'!$B$14+Y7*'114成績輸入與落點儀表板'!$B$15+Z7*'114成績輸入與落點儀表板'!$B$16 -> 0 | I7: =IF(G7="","",H7-G7) -> -238 | J7: =IF(G7="","無錄取資料",IF(I7>=0,"PASS","FAIL")) -> FAIL | K7: =IF(AND(IF('114成績輸入與落點儀表板'!$C$2="必須採計",L7>0,IF('114成績輸入與落點儀表板'!$C$2="不可採計",L7=0,TRUE)),IF('114成績輸入與落點儀表板'!$C$3="必須採計",M7>0,IF('114成績輸入與落點儀表板'!$C$3="不可採計",M7=0,TRUE)),IF('114成績輸入與落點儀表板'!$C$4="必須採計",N7>0,IF('114成績輸入與落點儀表板'!$C$4="不可採計",N7=0,TRUE)),IF('114成績輸入與落點儀表板'!$C$5="必須採計",O7>0,IF('114成績輸入與落點儀表板'!$C$5="不可採計",O7=0,TRUE)),IF('114成績輸入與落點儀表板'!$C$6="必須採計",P7>0,IF('114成績輸入與落點儀表板'!$C$6="不可採計",P7=0,TRUE)),IF('114成績輸入與落點儀表板'!$C$7="必須採計",Q7>0,IF('114成績輸入與落點儀表板'!$C$7="不可採計",Q7=0,TRUE)),IF('114成績輸入與落點儀表板'!$C$8="必須採計",R7>0,IF('114成績輸入與落點儀表板'!$C$8="不可採計",R7=0,TRUE)),IF('114成績輸入與落點儀表板'!$C$9="必須採計",S7>0,IF('114成績輸入與落點儀表板'!$C$9="不可採計",S7=0,TRUE)),IF('114成績輸入與落點儀表板'!$C$10="必須採計",T7>0,IF('114成績輸入與落點儀表板'!$C$10="不可採計",T7=0,TRUE)),IF('114成績輸入與落點儀表板'!$C$11="必須採計",U7>0,IF('114成績輸入與落點儀表板'!$C$11="不可採計",U7=0,TRUE)),IF('114成績輸入與落點儀表板'!$C$12="必須採計",V7>0,IF('114成績輸入與落點儀表板'!$C$12="不可採計",V7=0,TRUE)),IF('114成績輸入與落點儀表板'!$C$13="必須採計",W7>0,IF('114成績輸入與落點儀表板'!$C$13="不可採計",W7=0,TRUE)),IF('114成績輸入與落點儀表板'!$C$14="必須採計",X7>0,IF('114成績輸入與落點儀表板'!$C$14="不可採計",X7=0,TRUE)),IF('114成績輸入與落點儀表板'!$C$15="必須採計",Y7>0,IF('114成績輸入與落點儀表板'!$C$15="不可採計",Y7=0,TRUE)),IF('114成績輸入與落點儀表板'!$C$16="必須採計",Z7>0,IF('114成績輸入與落點儀表板'!$C$16="不可採計",Z7=0,TRUE))),"✅ 符合","❌ 不符合") -> ✅ 符合 | L7: 1.25 | M7: 1.25 | N7: 0 | O7: 0 | P7: 0 | Q7: 0 | R7: 0 | S7: 0 | T7: 0 | U7: 1 | V7: 0 | W7: 1 | X7: 0 | Y7: 0 | Z7: 0
A8: 0007 | B8: 國立臺灣大學 | C8: 日本語文學系 | D8: 外語學群 | E8: 英x1.50 國x1.50 歷x1.00 地x1.00 公x1.00 | F8: 18 | G8: 317 | H8: =L8*'114成績輸入與落點儀表板'!$B$2+M8*'114成績輸入與落點儀表板'!$B$3+N8*'114成績輸入與落點儀表板'!$B$4+O8*'114成績輸入與落點儀表板'!$B$5+P8*'114成績輸入與落點儀表板'!$B$6+Q8*'114成績輸入與落點儀表板'!$B$7+R8*'114成績輸入與落點儀表板'!$B$8+S8*'114成績輸入與落點儀表板'!$B$9+T8*'114成績輸入與落點儀表板'!$B$10+U8*'114成績輸入與落點儀表板'!$B$11+V8*'114成績輸入與落點儀表板'!$B$12+W8*'114成績輸入與落點儀表板'!$B$13+X8*'114成績輸入與落點儀表板'!$B$14+Y8*'114成績輸入與落點儀表板'!$B$15+Z8*'114成績輸入與落點儀表板'!$B$16 -> 0 | I8: =IF(G8="","",H8-G8) -> -317 | J8: =IF(G8="","無錄取資料",IF(I8>=0,"PASS","FAIL")) -> FAIL | K8: =IF(AND(IF('114成績輸入與落點儀表板'!$C$2="必須採計",L8>0,IF('114成績輸入與落點儀表板'!$C$2="不可採計",L8=0,TRUE)),IF('114成績輸入與落點儀表板'!$C$3="必須採計",M8>0,IF('114成績輸入與落點儀表板'!$C$3="不可採計",M8=0,TRUE)),IF('114成績輸入與落點儀表板'!$C$4="必須採計",N8>0,IF('114成績輸入與落點儀表板'!$C$4="不可採計",N8=0,TRUE)),IF('114成績輸入與落點儀表板'!$C$5="必須採計",O8>0,IF('114成績輸入與落點儀表板'!$C$5="不可採計",O8=0,TRUE)),IF('114成績輸入與落點儀表板'!$C$6="必須採計",P8>0,IF('114成績輸入與落點儀表板'!$C$6="不可採計",P8=0,TRUE)),IF('114成績輸入與落點儀表板'!$C$7="必須採計",Q8>0,IF('114成績輸入與落點儀表板'!$C$7="不可採計",Q8=0,TRUE)),IF('114成績輸入與落點儀表板'!$C$8="必須採計",R8>0,IF('114成績輸入與落點儀表板'!$C$8="不可採計",R8=0,TRUE)),IF('114成績輸入與落點儀表板'!$C$9="必須採計",S8>0,IF('114成績輸入與落點儀表板'!$C$9="不可採計",S8=0,TRUE)),IF('114成績輸入與落點儀表板'!$C$10="必須採計",T8>0,IF('114成績輸入與落點儀表板'!$C$10="不可採計",T8=0,TRUE)),IF('114成績輸入與落點儀表板'!$C$11="必須採計",U8>0,IF('114成績輸入與落點儀表板'!$C$11="不可採計",U8=0,TRUE)),IF('114成績輸入與落點儀表板'!$C$12="必須採計",V8>0,IF('114成績輸入與落點儀表板'!$C$12="不可採計",V8=0,TRUE)),IF('114成績輸入與落點儀表板'!$C$13="必須採計",W8>0,IF('114成績輸入與落點儀表板'!$C$13="不可採計",W8=0,TRUE)),IF('114成績輸入與落點儀表板'!$C$14="必須採計",X8>0,IF('114成績輸入與落點儀表板'!$C$14="不可採計",X8=0,TRUE)),IF('114成績輸入與落點儀表板'!$C$15="必須採計",Y8>0,IF('114成績輸入與落點儀表板'!$C$15="不可採計",Y8=0,TRUE)),IF('114成績輸入與落點儀表板'!$C$16="必須採計",Z8>0,IF('114成績輸入與落點儀表板'!$C$16="不可採計",Z8=0,TRUE))),"✅ 符合","❌ 不符合") -> ✅ 符合 | L8: 1.5 | M8: 1.5 | N8: 0 | O8: 0 | P8: 0 | Q8: 0 | R8: 0 | S8: 0 | T8: 0 | U8: 1 | V8: 1 | W8: 1 | X8: 0 | Y8: 0 | Z8: 0
A9: 0010 | B9: 國立臺灣大學 | C9: 戲劇學系(男) | D9: 藝術與體育學群 | E9: 英x1.50 國x1.50 數Bx1.00 歷x1.00 地x1.00 | F9: 7 | G9: 285.5 | H9: =L9*'114成績輸入與落點儀表板'!$B$2+M9*'114成績輸入與落點儀表板'!$B$3+N9*'114成績輸入與落點儀表板'!$B$4+O9*'114成績輸入與落點儀表板'!$B$5+P9*'114成績輸入與落點儀表板'!$B$6+Q9*'114成績輸入與落點儀表板'!$B$7+R9*'114成績輸入與落點儀表板'!$B$8+S9*'114成績輸入與落點儀表板'!$B$9+T9*'114成績輸入與落點儀表板'!$B$10+U9*'114成績輸入與落點儀表板'!$B$11+V9*'114成績輸入與落點儀表板'!$B$12+W9*'114成績輸入與落點儀表板'!$B$13+X9*'114成績輸入與落點儀表板'!$B$14+Y9*'114成績輸入與落點儀表板'!$B$15+Z9*'114成績輸入與落點儀表板'!$B$16 -> 0 | I9: =IF(G9="","",H9-G9) -> -285.5 | J9: =IF(G9="","無錄取資料",IF(I9>=0,"PASS","FAIL")) -> FAIL | K9: =IF(AND(IF('114成績輸入與落點儀表板'!$C$2="必須採計",L9>0,IF('114成績輸入與落點儀表板'!$C$2="不可採計",L9=0,TRUE)),IF('114成績輸入與落點儀表板'!$C$3="必須採計",M9>0,IF('114成績輸入與落點儀表板'!$C$3="不可採計",M9=0,TRUE)),IF('114成績輸入與落點儀表板'!$C$4="必須採計",N9>0,IF('114成績輸入與落點儀表板'!$C$4="不可採計",N9=0,TRUE)),IF('114成績輸入與落點儀表板'!$C$5="必須採計",O9>0,IF('114成績輸入與落點儀表板'!$C$5="不可採計",O9=0,TRUE)),IF('114成績輸入與落點儀表板'!$C$6="必須採計",P9>0,IF('114成績輸入與落點儀表板'!$C$6="不可採計",P9=0,TRUE)),IF('114成績輸入與落點儀表板'!$C$7="必須採計",Q9>0,IF('114成績輸入與落點儀表板'!$C$7="不可採計",Q9=0,TRUE)),IF('114成績輸入與落點儀表板'!$C$8="必須採計",R9>0,IF('114成績輸入與落點儀表板'!$C$8="不可採計",R9=0,TRUE)),IF('114成績輸入與落點儀表板'!$C$9="必須採計",S9>0,IF('114成績輸入與落點儀表板'!$C$9="不可採計",S9=0,TRUE)),IF('114成績輸入與落點儀表板'!$C$10="必須採計",T9>0,IF('114成績輸入與落點儀表板'!$C$10="不可採計",T9=0,TRUE)),IF('114成績輸入與落點儀表板'!$C$11="必須採計",U9>0,IF('114成績輸入與落點儀表板'!$C$11="不可採計",U9=0,TRUE)),IF('114成績輸入與落點儀表板'!$C$12="必須採計",V9>0,IF('114成績輸入與落點儀表板'!$C$12="不可採計",V9=0,TRUE)),IF('114成績輸入與落點儀表板'!$C$13="必須採計",W9>0,IF('114成績輸入與落點儀表板'!$C$13="不可採計",W9=0,TRUE)),IF('114成績輸入與落點儀表板'!$C$14="必須採計",X9>0,IF('114成績輸入與落點儀表板'!$C$14="不可採計",X9=0,TRUE)),IF('114成績輸入與落點儀表板'!$C$15="必須採計",Y9>0,IF('114成績輸入與落點儀表板'!$C$15="不可採計",Y9=0,TRUE)),IF('114成績輸入與落點儀表板'!$C$16="必須採計",Z9>0,IF('114成績輸入與落點儀表板'!$C$16="不可採計",Z9=0,TRUE))),"✅ 符合","❌ 不符合") -> ✅ 符合 | L9: 1.5 | M9: 1.5 | N9: 0 | O9: 0 | P9: 0 | Q9: 1 | R9: 0 | S9: 0 | T9: 0 | U9: 1 | V9: 1 | W9: 0 | X9: 0 | Y9: 0 | Z9: 0
A10: 0011 | B10: 國立臺灣大學 | C10: 戲劇學系(女) | D10: 藝術與體育學群 | E10: 英x1.50 國x1.50 數Bx1.00 歷x1.00 地x1.00 | F10: 9 | G10: 290.5 | H10: =L10*'114成績輸入與落點儀表板'!$B$2+M10*'114成績輸入與落點儀表板'!$B$3+N10*'114成績輸入與落點儀表板'!$B$4+O10*'114成績輸入與落點儀表板'!$B$5+P10*'114成績輸入與落點儀表板'!$B$6+Q10*'114成績輸入與落點儀表板'!$B$7+R10*'114成績輸入與落點儀表板'!$B$8+S10*'114成績輸入與落點儀表板'!$B$9+T10*'114成績輸入與落點儀表板'!$B$10+U10*'114成績輸入與落點儀表板'!$B$11+V10*'114成績輸入與落點儀表板'!$B$12+W10*'114成績輸入與落點儀表板'!$B$13+X10*'114成績輸入與落點儀表板'!$B$14+Y10*'114成績輸入與落點儀表板'!$B$15+Z10*'114成績輸入與落點儀表板'!$B$16 -> 0 | I10: =IF(G10="","",H10-G10) -> -290.5 | J10: =IF(G10="","無錄取資料",IF(I10>=0,"PASS","FAIL")) -> FAIL | K10: =IF(AND(IF('114成績輸入與落點儀表板'!$C$2="必須採計",L10>0,IF('114成績輸入與落點儀表板'!$C$2="不可採計",L10=0,TRUE)),IF('114成績輸入與落點儀表板'!$C$3="必須採計",M10>0,IF('114成績輸入與落點儀表板'!$C$3="不可採計",M10=0,TRUE)),IF('114成績輸入與落點儀表板'!$C$4="必須採計",N10>0,IF('114成績輸入與落點儀表板'!$C$4="不可採計",N10=0,TRUE)),IF('114成績輸入與落點儀表板'!$C$5="必須採計",O10>0,IF('114成績輸入與落點儀表板'!$C$5="不可採計",O10=0,TRUE)),IF('114成績輸入與落點儀表板'!$C$6="必須採計",P10>0,IF('114成績輸入與落點儀表板'!$C$6="不可採計",P10=0,TRUE)),IF('114成績輸入與落點儀表板'!$C$7="必須採計",Q10>0,IF('114成績輸入與落點儀表板'!$C$7="不可採計",Q10=0,TRUE)),IF('114成績輸入與落點儀表板'!$C$8="必須採計",R10>0,IF('114成績輸入與落點儀表板'!$C$8="不可採計",R10=0,TRUE)),IF('114成績輸入與落點儀表板'!$C$9="必須採計",S10>0,IF('114成績輸入與落點儀表板'!$C$9="不可採計",S10=0,TRUE)),IF('114成績輸入與落點儀表板'!$C$10="必須採計",T10>0,IF('114成績輸入與落點儀表板'!$C$10="不可採計",T10=0,TRUE)),IF('114成績輸入與落點儀表板'!$C$11="必須採計",U10>0,IF('114成績輸入與落點儀表板'!$C$11="不可採計",U10=0,TRUE)),IF('114成績輸入與落點儀表板'!$C$12="必須採計",V10>0,IF('114成績輸入與落點儀表板'!$C$12="不可採計",V10=0,TRUE)),IF('114成績輸入與落點儀表板'!$C$13="必須採計",W10>0,IF('114成績輸入與落點儀表板'!$C$13="不可採計",W10=0,TRUE)),IF('114成績輸入與落點儀表板'!$C$14="必須採計",X10>0,IF('114成績輸入與落點儀表板'!$C$14="不可採計",X10=0,TRUE)),IF('114成績輸入與落點儀表板'!$C$15="必須採計",Y10>0,IF('114成績輸入與落點儀表板'!$C$15="不可採計",Y10=0,TRUE)),IF('114成績輸入與落點儀表板'!$C$16="必須採計",Z10>0,IF('114成績輸入與落點儀表板'!$C$16="不可採計",Z10=0,TRUE))),"✅ 符合","❌ 不符合") -> ✅ 符合 | L10: 1.5 | M10: 1.5 | N10: 0 | O10: 0 | P10: 0 | Q10: 1 | R10: 0 | S10: 0 | T10: 0 | U10: 1 | V10: 1 | W10: 0 | X10: 0 | Y10: 0 | Z10: 0
A11: 0012 | B11: 國立臺灣大學 | C11: 數學系 | D11: 數理化學群 | E11: 數Ax1.50 數甲x1.50 物x1.00 化x1.00 英x1.00 | F11: 17 | G11: 301 | H11: =L11*'114成績輸入與落點儀表板'!$B$2+M11*'114成績輸入與落點儀表板'!$B$3+N11*'114成績輸入與落點儀表板'!$B$4+O11*'114成績輸入與落點儀表板'!$B$5+P11*'114成績輸入與落點儀表板'!$B$6+Q11*'114成績輸入與落點儀表板'!$B$7+R11*'114成績輸入與落點儀表板'!$B$8+S11*'114成績輸入與落點儀表板'!$B$9+T11*'114成績輸入與落點儀表板'!$B$10+U11*'114成績輸入與落點儀表板'!$B$11+V11*'114成績輸入與落點儀表板'!$B$12+W11*'114成績輸入與落點儀表板'!$B$13+X11*'114成績輸入與落點儀表板'!$B$14+Y11*'114成績輸入與落點儀表板'!$B$15+Z11*'114成績輸入與落點儀表板'!$B$16 -> 0 | I11: =IF(G11="","",H11-G11) -> -301 | J11: =IF(G11="","無錄取資料",IF(I11>=0,"PASS","FAIL")) -> FAIL | K11: =IF(AND(IF('114成績輸入與落點儀表板'!$C$2="必須採計",L11>0,IF('114成績輸入與落點儀表板'!$C$2="不可採計",L11=0,TRUE)),IF('114成績輸入與落點儀表板'!$C$3="必須採計",M11>0,IF('114成績輸入與落點儀表板'!$C$3="不可採計",M11=0,TRUE)),IF('114成績輸入與落點儀表板'!$C$4="必須採計",N11>0,IF('114成績輸入與落點儀表板'!$C$4="不可採計",N11=0,TRUE)),IF('114成績輸入與落點儀表板'!$C$5="必須採計",O11>0,IF('114成績輸入與落點儀表板'!$C$5="不可採計",O11=0,TRUE)),IF('114成績輸入與落點儀表板'!$C$6="必須採計",P11>0,IF('114成績輸入與落點儀表板'!$C$6="不可採計",P11=0,TRUE)),IF('114成績輸入與落點儀表板'!$C$7="必須採計",Q11>0,IF('114成績輸入與落點儀表板'!$C$7="不可採計",Q11=0,TRUE)),IF('114成績輸入與落點儀表板'!$C$8="必須採計",R11>0,IF('114成績輸入與落點儀表板'!$C$8="不可採計",R11=0,TRUE)),IF('114成績輸入與落點儀表板'!$C$9="必須採計",S11>0,IF('114成績輸入與落點儀表板'!$C$9="不可採計",S11=0,TRUE)),IF('114成績輸入與落點儀表板'!$C$10="必須採計",T11>0,IF('114成績輸入與落點儀表板'!$C$10="不可採計",T11=0,TRUE)),IF('114成績輸入與落點儀表板'!$C$11="必須採計",U11>0,IF('114成績輸入與落點儀表板'!$C$11="不可採計",U11=0,TRUE)),IF('114成績輸入與落點儀表板'!$C$12="必須採計",V11>0,IF('114成績輸入與落點儀表板'!$C$12="不可採計",V11=0,TRUE)),IF('114成績輸入與落點儀表板'!$C$13="必須採計",W11>0,IF('114成績輸入與落點儀表板'!$C$13="不可採計",W11=0,TRUE)),IF('114成績輸入與落點儀表板'!$C$14="必須採計",X11>0,IF('114成績輸入與落點儀表板'!$C$14="不可採計",X11=0,TRUE)),IF('114成績輸入與落點儀表板'!$C$15="必須採計",Y11>0,IF('114成績輸入與落點儀表板'!$C$15="不可採計",Y11=0,TRUE)),IF('114成績輸入與落點儀表板'!$C$16="必須採計",Z11>0,IF('114成績輸入與落點儀表板'!$C$16="不可採計",Z11=0,TRUE))),"✅ 符合","❌ 不符合") -> ❌ 不符合 | L11: 0 | M11: 1 | N11: 1.5 | O11: 0 | P11: 1.5 | Q11: 0 | R11: 1 | S11: 1 | T11: 0 | U11: 0 | V11: 0 | W11: 0 | X11: 0 | Y11: 0 | Z11: 0
A12: 0013 | B12: 國立臺灣大學 | C12: 物理學系 | D12: 數理化學群 | E12: 物x1.50 數甲x1.50 英x1.00 化x1.00 | F12: 22 | G12: 266.5 | H12: =L12*'114成績輸入與落點儀表板'!$B$2+M12*'114成績輸入與落點儀表板'!$B$3+N12*'114成績輸入與落點儀表板'!$B$4+O12*'114成績輸入與落點儀表板'!$B$5+P12*'114成績輸入與落點儀表板'!$B$6+Q12*'114成績輸入與落點儀表板'!$B$7+R12*'114成績輸入與落點儀表板'!$B$8+S12*'114成績輸入與落點儀表板'!$B$9+T12*'114成績輸入與落點儀表板'!$B$10+U12*'114成績輸入與落點儀表板'!$B$11+V12*'114成績輸入與落點儀表板'!$B$12+W12*'114成績輸入與落點儀表板'!$B$13+X12*'114成績輸入與落點儀表板'!$B$14+Y12*'114成績輸入與落點儀表板'!$B$15+Z12*'114成績輸入與落點儀表板'!$B$16 -> 0 | I12: =IF(G12="","",H12-G12) -> -266.5 | J12: =IF(G12="","無錄取資料",IF(I12>=0,"PASS","FAIL")) -> FAIL | K12: =IF(AND(IF('114成績輸入與落點儀表板'!$C$2="必須採計",L12>0,IF('114成績輸入與落點儀表板'!$C$2="不可採計",L12=0,TRUE)),IF('114成績輸入與落點儀表板'!$C$3="必須採計",M12>0,IF('114成績輸入與落點儀表板'!$C$3="不可採計",M12=0,TRUE)),IF('114成績輸入與落點儀表板'!$C$4="必須採計",N12>0,IF('114成績輸入與落點儀表板'!$C$4="不可採計",N12=0,TRUE)),IF('114成績輸入與落點儀表板'!$C$5="必須採計",O12>0,IF('114成績輸入與落點儀表板'!$C$5="不可採計",O12=0,TRUE)),IF('114成績輸入與落點儀表板'!$C$6="必須採計",P12>0,IF('114成績輸入與落點儀表板'!$C$6="不可採計",P12=0,TRUE)),IF('114成績輸入與落點儀表板'!$C$7="必須採計",Q12>0,IF('114成績輸入與落點儀表板'!$C$7="不可採計",Q12=0,TRUE)),IF('114成績輸入與落點儀表板'!$C$8="必須採計",R12>0,IF('114成績輸入與落點儀表板'!$C$8="不可採計",R12=0,TRUE)),IF('114成績輸入與落點儀表板'!$C$9="必須採計",S12>0,IF('114成績輸入與落點儀表板'!$C$9="不可採計",S12=0,TRUE)),IF('114成績輸入與落點儀表板'!$C$10="必須採計",T12>0,IF('114成績輸入與落點儀表板'!$C$10="不可採計",T12=0,TRUE)),IF('114成績輸入與落點儀表板'!$C$11="必須採計",U12>0,IF('114成績輸入與落點儀表板'!$C$11="不可採計",U12=0,TRUE)),IF('114成績輸入與落點儀表板'!$C$12="必須採計",V12>0,IF('114成績輸入與落點儀表板'!$C$12="不可採計",V12=0,TRUE)),IF('114成績輸入與落點儀表板'!$C$13="必須採計",W12>0,IF('114成績輸入與落點儀表板'!$C$13="不可採計",W12=0,TRUE)),IF('114成績輸入與落點儀表板'!$C$14="必須採計",X12>0,IF('114成績輸入與落點儀表板'!$C$14="不可採計",X12=0,TRUE)),IF('114成績輸入與落點儀表板'!$C$15="必須採計",Y12>0,IF('114成績輸入與落點儀表板'!$C$15="不可採計",Y12=0,TRUE)),IF('114成績輸入與落點儀表板'!$C$16="必須採計",Z12>0,IF('114成績輸入與落點儀表板'!$C$16="不可採計",Z12=0,TRUE))),"✅ 符合","❌ 不符合") -> ❌ 不符合 | L12: 0 | M12: 1 | N12: 1.5 | O12: 0 | P12: 0 | Q12: 0 | R12: 1.5 | S12: 1 | T12: 0 | U12: 0 | V12: 0 | W12: 0 | X12: 0 | Y12: 0 | Z12: 0
A13: 0014 | B13: 國立臺灣大學 | C13: 化學系 | D13: 數理化學群 | E13: 化x1.00 英x1.00 數甲x1.00 物x1.00 國x1.00 | F13: 30 | G13: 250 | H13: =L13*'114成績輸入與落點儀表板'!$B$2+M13*'114成績輸入與落點儀表板'!$B$3+N13*'114成績輸入與落點儀表板'!$B$4+O13*'114成績輸入與落點儀表板'!$B$5+P13*'114成績輸入與落點儀表板'!$B$6+Q13*'114成績輸入與落點儀表板'!$B$7+R13*'114成績輸入與落點儀表板'!$B$8+S13*'114成績輸入與落點儀表板'!$B$9+T13*'114成績輸入與落點儀表板'!$B$10+U13*'114成績輸入與落點儀表板'!$B$11+V13*'114成績輸入與落點儀表板'!$B$12+W13*'114成績輸入與落點儀表板'!$B$13+X13*'114成績輸入與落點儀表板'!$B$14+Y13*'114成績輸入與落點儀表板'!$B$15+Z13*'114成績輸入與落點儀表板'!$B$16 -> 0 | I13: =IF(G13="","",H13-G13) -> -250 | J13: =IF(G13="","無錄取資料",IF(I13>=0,"PASS","FAIL")) -> FAIL | K13: =IF(AND(IF('114成績輸入與落點儀表板'!$C$2="必須採計",L13>0,IF('114成績輸入與落點儀表板'!$C$2="不可採計",L13=0,TRUE)),IF('114成績輸入與落點儀表板'!$C$3="必須採計",M13>0,IF('114成績輸入與落點儀表板'!$C$3="不可採計",M13=0,TRUE)),IF('114成績輸入與落點儀表板'!$C$4="必須採計",N13>0,IF('114成績輸入與落點儀表板'!$C$4="不可採計",N13=0,TRUE)),IF('114成績輸入與落點儀表板'!$C$5="必須採計",O13>0,IF('114成績輸入與落點儀表板'!$C$5="不可採計",O13=0,TRUE)),IF('114成績輸入與落點儀表板'!$C$6="必須採計",P13>0,IF('114成績輸入與落點儀表板'!$C$6="不可採計",P13=0,TRUE)),IF('114成績輸入與落點儀表板'!$C$7="必須採計",Q13>0,IF('114成績輸入與落點儀表板'!$C$7="不可採計",Q13=0,TRUE)),IF('114成績輸入與落點儀表板'!$C$8="必須採計",R13>0,IF('114成績輸入與落點儀表板'!$C$8="不可採計",R13=0,TRUE)),IF('114成績輸入與落點儀表板'!$C$9="必須採計",S13>0,IF('114成績輸入與落點儀表板'!$C$9="不可採計",S13=0,TRUE)),IF('114成績輸入與落點儀表板'!$C$10="必須採計",T13>0,IF('114成績輸入與落點儀表板'!$C$10="不可採計",T13=0,TRUE)),IF('114成績輸入與落點儀表板'!$C$11="必須採計",U13>0,IF('114成績輸入與落點儀表板'!$C$11="不可採計",U13=0,TRUE)),IF('114成績輸入與落點儀表板'!$C$12="必須採計",V13>0,IF('114成績輸入與落點儀表板'!$C$12="不可採計",V13=0,TRUE)),IF('114成績輸入與落點儀表板'!$C$13="必須採計",W13>0,IF('114成績輸入與落點儀表板'!$C$13="不可採計",W13=0,TRUE)),IF('114成績輸入與落點儀表板'!$C$14="必須採計",X13>0,IF('114成績輸入與落點儀表板'!$C$14="不可採計",X13=0,TRUE)),IF('114成績輸入與落點儀表板'!$C$15="必須採計",Y13>0,IF('114成績輸入與落點儀表板'!$C$15="不可採計",Y13=0,TRUE)),IF('114成績輸入與落點儀表板'!$C$16="必須採計",Z13>0,IF('114成績輸入與落點儀表板'!$C$16="不可採計",Z13=0,TRUE))),"✅ 符合","❌ 不符合") -> ✅ 符合 | L13: 1 | M13: 1 | N13: 1 | O13: 0 | P13: 0 | Q13: 0 | R13: 1 | S13: 1 | T13: 0 | U13: 0 | V13: 0 | W13: 0 | X13: 0 | Y13: 0 | Z13: 0
... A671: 1236 | B671: 中國文化大學 | C671: 美術學系 | D671: 藝術與體育學群 | E671: 國x2.00 術x2.00 歷x1.00 地x1.00 英x1.00 | F671: 7 | G671: 198.92 | H671: =L671*'114成績輸入與落點儀表板'!$B$2+M671*'114成績輸入與落點儀表板'!$B$3+N671*'114成績輸入與落點儀表板'!$B$4+O671*'114成績輸入與落點儀表板'!$B$5+P671*'114成績輸入與落點儀表板'!$B$6+Q671*'114成績輸入與落點儀表板'!$B$7+R671*'114成績輸入與落點儀表板'!$B$8+S671*'114成績輸入與落點儀表板'!$B$9+T671*'114成績輸入與落點儀表板'!$B$10+U671*'114成績輸入與落點儀表板'!$B$11+V671*'114成績輸入與落點儀表板'!$B$12+W671*'114成績輸入與落點儀表板'!$B$13+X671*'114成績輸入與落點儀表板'!$B$14+Y671*'114成績輸入與落點儀表板'!$B$15+Z671*'114成績輸入與落點儀表板'!$B$16 -> 0 | I671: =IF(G671="","",H671-G671) -> -198.92 | J671: =IF(G671="","無錄取資料",IF(I671>=0,"PASS","FAIL")) -> FAIL | K671: =IF(AND(IF('114成績輸入與落點儀表板'!$C$2="必須採計",L671>0,IF('114成績輸入與落點儀表板'!$C$2="不可採計",L671=0,TRUE)),IF('114成績輸入與落點儀表板'!$C$3="必須採計",M671>0,IF('114成績輸入與落點儀表板'!$C$3="不可採計",M671=0,TRUE)),IF('114成績輸入與落點儀表板'!$C$4="必須採計",N671>0,IF('114成績輸入與落點儀表板'!$C$4="不可採計",N671=0,TRUE)),IF('114成績輸入與落點儀表板'!$C$5="必須採計",O671>0,IF('114成績輸入與落點儀表板'!$C$5="不可採計",O671=0,TRUE)),IF('114成績輸入與落點儀表板'!$C$6="必須採計",P671>0,IF('114成績輸入與落點儀表板'!$C$6="不可採計",P671=0,TRUE)),IF('114成績輸入與落點儀表板'!$C$7="必須採計",Q671>0,IF('114成績輸入與落點儀表板'!$C$7="不可採計",Q671=0,TRUE)),IF('114成績輸入與落點儀表板'!$C$8="必須採計",R671>0,IF('114成績輸入與落點儀表板'!$C$8="不可採計",R671=0,TRUE)),IF('114成績輸入與落點儀表板'!$C$9="必須採計",S671>0,IF('114成績輸入與落點儀表板'!$C$9="不可採計",S671=0,TRUE)),IF('114成績輸入與落點儀表板'!$C$10="必須採計",T671>0,IF('114成績輸入與落點儀表板'!$C$10="不可採計",T671=0,TRUE)),IF('114成績輸入與落點儀表板'!$C$11="必須採計",U671>0,IF('114成績輸入與落點儀表板'!$C$11="不可採計",U671=0,TRUE)),IF('114成績輸入與落點儀表板'!$C$12="必須採計",V671>0,IF('114成績輸入與落點儀表板'!$C$12="不可採計",V671=0,TRUE)),IF('114成績輸入與落點儀表板'!$C$13="必須採計",W671>0,IF('114成績輸入與落點儀表板'!$C$13="不可採計",W671=0,TRUE)),IF('114成績輸入與落點儀表板'!$C$14="必須採計",X671>0,IF('114成績輸入與落點儀表板'!$C$14="不可採計",X671=0,TRUE)),IF('114成績輸入與落點儀表板'!$C$15="必須採計",Y671>0,IF('114成績輸入與落點儀表板'!$C$15="不可採計",Y671=0,TRUE)),IF('114成績輸入與落點儀表板'!$C$16="必須採計",Z671>0,IF('114成績輸入與落點儀表板'!$C$16="不可採計",Z671=0,TRUE))),"✅ 符合","❌ 不符合") -> ✅ 符合 | L671: 2 | M671: 1 | N671: 0 | O671: 0 | P671: 0 | Q671: 0 | R671: 0 | S671: 0 | T671: 0 | U671: 1 | V671: 1 | W671: 0 | X671: 0 | Y671: 0 | Z671: 2
A672: 1237 | B672: 中國文化大學 | C672: 音樂學系A組 | D672: 藝術與體育學群 | E672: 術x2.00 國x1.00 英x1.00 歷x1.00 | F672: 0 | H672: =L672*'114成績輸入與落點儀表板'!$B$2+M672*'114成績輸入與落點儀表板'!$B$3+N672*'114成績輸入與落點儀表板'!$B$4+O672*'114成績輸入與落點儀表板'!$B$5+P672*'114成績輸入與落點儀表板'!$B$6+Q672*'114成績輸入與落點儀表板'!$B$7+R672*'114成績輸入與落點儀表板'!$B$8+S672*'114成績輸入與落點儀表板'!$B$9+T672*'114成績輸入與落點儀表板'!$B$10+U672*'114成績輸入與落點儀表板'!$B$11+V672*'114成績輸入與落點儀表板'!$B$12+W672*'114成績輸入與落點儀表板'!$B$13+X672*'114成績輸入與落點儀表板'!$B$14+Y672*'114成績輸入與落點儀表板'!$B$15+Z672*'114成績輸入與落點儀表板'!$B$16 -> 0 | I672: =IF(G672="","",H672-G672) | J672: =IF(G672="","無錄取資料",IF(I672>=0,"PASS","FAIL")) -> 無錄取資料 | K672: =IF(AND(IF('114成績輸入與落點儀表板'!$C$2="必須採計",L672>0,IF('114成績輸入與落點儀表板'!$C$2="不可採計",L672=0,TRUE)),IF('114成績輸入與落點儀表板'!$C$3="必須採計",M672>0,IF('114成績輸入與落點儀表板'!$C$3="不可採計",M672=0,TRUE)),IF('114成績輸入與落點儀表板'!$C$4="必須採計",N672>0,IF('114成績輸入與落點儀表板'!$C$4="不可採計",N672=0,TRUE)),IF('114成績輸入與落點儀表板'!$C$5="必須採計",O672>0,IF('114成績輸入與落點儀表板'!$C$5="不可採計",O672=0,TRUE)),IF('114成績輸入與落點儀表板'!$C$6="必須採計",P672>0,IF('114成績輸入與落點儀表板'!$C$6="不可採計",P672=0,TRUE)),IF('114成績輸入與落點儀表板'!$C$7="必須採計",Q672>0,IF('114成績輸入與落點儀表板'!$C$7="不可採計",Q672=0,TRUE)),IF('114成績輸入與落點儀表板'!$C$8="必須採計",R672>0,IF('114成績輸入與落點儀表板'!$C$8="不可採計",R672=0,TRUE)),IF('114成績輸入與落點儀表板'!$C$9="必須採計",S672>0,IF('114成績輸入與落點儀表板'!$C$9="不可採計",S672=0,TRUE)),IF('114成績輸入與落點儀表板'!$C$10="必須採計",T672>0,IF('114成績輸入與落點儀表板'!$C$10="不可採計",T672=0,TRUE)),IF('114成績輸入與落點儀表板'!$C$11="必須採計",U672>0,IF('114成績輸入與落點儀表板'!$C$11="不可採計",U672=0,TRUE)),IF('114成績輸入與落點儀表板'!$C$12="必須採計",V672>0,IF('114成績輸入與落點儀表板'!$C$12="不可採計",V672=0,TRUE)),IF('114成績輸入與落點儀表板'!$C$13="必須採計",W672>0,IF('114成績輸入與落點儀表板'!$C$13="不可採計",W672=0,TRUE)),IF('114成績輸入與落點儀表板'!$C$14="必須採計",X672>0,IF('114成績輸入與落點儀表板'!$C$14="不可採計",X672=0,TRUE)),IF('114成績輸入與落點儀表板'!$C$15="必須採計",Y672>0,IF('114成績輸入與落點儀表板'!$C$15="不可採計",Y672=0,TRUE)),IF('114成績輸入與落點儀表板'!$C$16="必須採計",Z672>0,IF('114成績輸入與落點儀表板'!$C$16="不可採計",Z672=0,TRUE))),"✅ 符合","❌ 不符合") -> ✅ 符合 | L672: 1 | M672: 1 | N672: 0 | O672: 0 | P672: 0 | Q672: 0 | R672: 0 | S672: 0 | T672: 0 | U672: 1 | V672: 0 | W672: 0 | X672: 0 | Y672: 0 | Z672: 2
A673: 1240 | B673: 中國文化大學 | C673: 音樂學系B組 | D673: 藝術與體育學群 | E673: 國x2.00 英x1.50 歷x1.00 | F673: 2 | G673: 88 | H673: =L673*'114成績輸入與落點儀表板'!$B$2+M673*'114成績輸入與落點儀表板'!$B$3+N673*'114成績輸入與落點儀表板'!$B$4+O673*'114成績輸入與落點儀表板'!$B$5+P673*'114成績輸入與落點儀表板'!$B$6+Q673*'114成績輸入與落點儀表板'!$B$7+R673*'114成績輸入與落點儀表板'!$B$8+S673*'114成績輸入與落點儀表板'!$B$9+T673*'114成績輸入與落點儀表板'!$B$10+U673*'114成績輸入與落點儀表板'!$B$11+V673*'114成績輸入與落點儀表板'!$B$12+W673*'114成績輸入與落點儀表板'!$B$13+X673*'114成績輸入與落點儀表板'!$B$14+Y673*'114成績輸入與落點儀表板'!$B$15+Z673*'114成績輸入與落點儀表板'!$B$16 -> 0 | I673: =IF(G673="","",H673-G673) -> -88 | J673: =IF(G673="","無錄取資料",IF(I673>=0,"PASS","FAIL")) -> FAIL | K673: =IF(AND(IF('114成績輸入與落點儀表板'!$C$2="必須採計",L673>0,IF('114成績輸入與落點儀表板'!$C$2="不可採計",L673=0,TRUE)),IF('114成績輸入與落點儀表板'!$C$3="必須採計",M673>0,IF('114成績輸入與落點儀表板'!$C$3="不可採計",M673=0,TRUE)),IF('114成績輸入與落點儀表板'!$C$4="必須採計",N673>0,IF('114成績輸入與落點儀表板'!$C$4="不可採計",N673=0,TRUE)),IF('114成績輸入與落點儀表板'!$C$5="必須採計",O673>0,IF('114成績輸入與落點儀表板'!$C$5="不可採計",O673=0,TRUE)),IF('114成績輸入與落點儀表板'!$C$6="必須採計",P673>0,IF('114成績輸入與落點儀表板'!$C$6="不可採計",P673=0,TRUE)),IF('114成績輸入與落點儀表板'!$C$7="必須採計",Q673>0,IF('114成績輸入與落點儀表板'!$C$7="不可採計",Q673=0,TRUE)),IF('114成績輸入與落點儀表板'!$C$8="必須採計",R673>0,IF('114成績輸入與落點儀表板'!$C$8="不可採計",R673=0,TRUE)),IF('114成績輸入與落點儀表板'!$C$9="必須採計",S673>0,IF('114成績輸入與落點儀表板'!$C$9="不可採計",S673=0,TRUE)),IF('114成績輸入與落點儀表板'!$C$10="必須採計",T673>0,IF('114成績輸入與落點儀表板'!$C$10="不可採計",T673=0,TRUE)),IF('114成績輸入與落點儀表板'!$C$11="必須採計",U673>0,IF('114成績輸入與落點儀表板'!$C$11="不可採計",U673=0,TRUE)),IF('114成績輸入與落點儀表板'!$C$12="必須採計",V673>0,IF('114成績輸入與落點儀表板'!$C$12="不可採計",V673=0,TRUE)),IF('114成績輸入與落點儀表板'!$C$13="必須採計",W673>0,IF('114成績輸入與落點儀表板'!$C$13="不可採計",W673=0,TRUE)),IF('114成績輸入與落點儀表板'!$C$14="必須採計",X673>0,IF('114成績輸入與落點儀表板'!$C$14="不可採計",X673=0,TRUE)),IF('114成績輸入與落點儀表板'!$C$15="必須採計",Y673>0,IF('114成績輸入與落點儀表板'!$C$15="不可採計",Y673=0,TRUE)),IF('114成績輸入與落點儀表板'!$C$16="必須採計",Z673>0,IF('114成績輸入與落點儀表板'!$C$16="不可採計",Z673=0,TRUE))),"✅ 符合","❌ 不符合") -> ✅ 符合 | L673: 2 | M673: 1.5 | N673: 0 | O673: 0 | P673: 0 | Q673: 0 | R673: 0 | S673: 0 | T673: 0 | U673: 1 | V673: 0 | W673: 0 | X673: 0 | Y673: 0 | Z673: 0
A674: 1241 | B674: 中國文化大學 | C674: 戲劇學系 | D674: 藝術與體育學群 | E674: 國x1.25 英x1.00 歷x1.00 | F674: 9 | G674: 91 | H674: =L674*'114成績輸入與落點儀表板'!$B$2+M674*'114成績輸入與落點儀表板'!$B$3+N674*'114成績輸入與落點儀表板'!$B$4+O674*'114成績輸入與落點儀表板'!$B$5+P674*'114成績輸入與落點儀表板'!$B$6+Q674*'114成績輸入與落點儀表板'!$B$7+R674*'114成績輸入與落點儀表板'!$B$8+S674*'114成績輸入與落點儀表板'!$B$9+T674*'114成績輸入與落點儀表板'!$B$10+U674*'114成績輸入與落點儀表板'!$B$11+V674*'114成績輸入與落點儀表板'!$B$12+W674*'114成績輸入與落點儀表板'!$B$13+X674*'114成績輸入與落點儀表板'!$B$14+Y674*'114成績輸入與落點儀表板'!$B$15+Z674*'114成績輸入與落點儀表板'!$B$16 -> 0 | I674: =IF(G674="","",H674-G674) -> -91 | J674: =IF(G674="","無錄取資料",IF(I674>=0,"PASS","FAIL")) -> FAIL | K674: =IF(AND(IF('114成績輸入與落點儀表板'!$C$2="必須採計",L674>0,IF('114成績輸入與落點儀表板'!$C$2="不可採計",L674=0,TRUE)),IF('114成績輸入與落點儀表板'!$C$3="必須採計",M674>0,IF('114成績輸入與落點儀表板'!$C$3="不可採計",M674=0,TRUE)),IF('114成績輸入與落點儀表板'!$C$4="必須採計",N674>0,IF('114成績輸入與落點儀表板'!$C$4="不可採計",N674=0,TRUE)),IF('114成績輸入與落點儀表板'!$C$5="必須採計",O674>0,IF('114成績輸入與落點儀表板'!$C$5="不可採計",O674=0,TRUE)),IF('114成績輸入與落點儀表板'!$C$6="必須採計",P674>0,IF('114成績輸入與落點儀表板'!$C$6="不可採計",P674=0,TRUE)),IF('114成績輸入與落點儀表板'!$C$7="必須採計",Q674>0,IF('114成績輸入與落點儀表板'!$C$7="不可採計",Q674=0,TRUE)),IF('114成績輸入與落點儀表板'!$C$8="必須採計",R674>0,IF('114成績輸入與落點儀表板'!$C$8="不可採計",R674=0,TRUE)),IF('114成績輸入與落點儀表板'!$C$9="必須採計",S674>0,IF('114成績輸入與落點儀表板'!$C$9="不可採計",S674=0,TRUE)),IF('114成績輸入與落點儀表板'!$C$10="必須採計",T674>0,IF('114成績輸入與落點儀表板'!$C$10="不可採計",T674=0,TRUE)),IF('114成績輸入與落點儀表板'!$C$11="必須採計",U674>0,IF('114成績輸入與落點儀表板'!$C$11="不可採計",U674=0,TRUE)),IF('114成績輸入與落點儀表板'!$C$12="必須採計",V674>0,IF('114成績輸入與落點儀表板'!$C$12="不可採計",V674=0,TRUE)),IF('114成績輸入與落點儀表板'!$C$13="必須採計",W674>0,IF('114成績輸入與落點儀表板'!$C$13="不可採計",W674=0,TRUE)),IF('114成績輸入與落點儀表板'!$C$14="必須採計",X674>0,IF('114成績輸入與落點儀表板'!$C$14="不可採計",X674=0,TRUE)),IF('114成績輸入與落點儀表板'!$C$15="必須採計",Y674>0,IF('114成績輸入與落點儀表板'!$C$15="不可採計",Y674=0,TRUE)),IF('114成績輸入與落點儀表板'!$C$16="必須採計",Z674>0,IF('114成績輸入與落點儀表板'!$C$16="不可採計",Z674=0,TRUE))),"✅ 符合","❌ 不符合") -> ✅ 符合 | L674: 1.25 | M674: 1 | N674: 0 | O674: 0 | P674: 0 | Q674: 0 | R674: 0 | S674: 0 | T674: 0 | U674: 1 | V674: 0 | W674: 0 | X674: 0 | Y674: 0 | Z674: 0
A675: 1242 | B675: 中國文化大學 | C675: 中國戲劇學系 | D675: 藝術與體育學群 | E675: 國x1.00 社x1.00 歷x1.00 公x1.00 | F675: 3 | G675: 84 | H675: =L675*'114成績輸入與落點儀表板'!$B$2+M675*'114成績輸入與落點儀表板'!$B$3+N675*'114成績輸入與落點儀表板'!$B$4+O675*'114成績輸入與落點儀表板'!$B$5+P675*'114成績輸入與落點儀表板'!$B$6+Q675*'114成績輸入與落點儀表板'!$B$7+R675*'114成績輸入與落點儀表板'!$B$8+S675*'114成績輸入與落點儀表板'!$B$9+T675*'114成績輸入與落點儀表板'!$B$10+U675*'114成績輸入與落點儀表板'!$B$11+V675*'114成績輸入與落點儀表板'!$B$12+W675*'114成績輸入與落點儀表板'!$B$13+X675*'114成績輸入與落點儀表板'!$B$14+Y675*'114成績輸入與落點儀表板'!$B$15+Z675*'114成績輸入與落點儀表板'!$B$16 -> 0 | I675: =IF(G675="","",H675-G675) -> -84 | J675: =IF(G675="","無錄取資料",IF(I675>=0,"PASS","FAIL")) -> FAIL | K675: =IF(AND(IF('114成績輸入與落點儀表板'!$C$2="必須採計",L675>0,IF('114成績輸入與落點儀表板'!$C$2="不可採計",L675=0,TRUE)),IF('114成績輸入與落點儀表板'!$C$3="必須採計",M675>0,IF('114成績輸入與落點儀表板'!$C$3="不可採計",M675=0,TRUE)),IF('114成績輸入與落點儀表板'!$C$4="必須採計",N675>0,IF('114成績輸入與落點儀表板'!$C$4="不可採計",N675=0,TRUE)),IF('114成績輸入與落點儀表板'!$C$5="必須採計",O675>0,IF('114成績輸入與落點儀表板'!$C$5="不可採計",O675=0,TRUE)),IF('114成績輸入與落點儀表板'!$C$6="必須採計",P675>0,IF('114成績輸入與落點儀表板'!$C$6="不可採計",P675=0,TRUE)),IF('114成績輸入與落點儀表板'!$C$7="必須採計",Q675>0,IF('114成績輸入與落點儀表板'!$C$7="不可採計",Q675=0,TRUE)),IF('114成績輸入與落點儀表板'!$C$8="必須採計",R675>0,IF('114成績輸入與落點儀表板'!$C$8="不可採計",R675=0,TRUE)),IF('114成績輸入與落點儀表板'!$C$9="必須採計",S675>0,IF('114成績輸入與落點儀表板'!$C$9="不可採計",S675=0,TRUE)),IF('114成績輸入與落點儀表板'!$C$10="必須採計",T675>0,IF('114成績輸入與落點儀表板'!$C$10="不可採計",T675=0,TRUE)),IF('114成績輸入與落點儀表板'!$C$11="必須採計",U675>0,IF('114成績輸入與落點儀表板'!$C$11="不可採計",U675=0,TRUE)),IF('114成績輸入與落點儀表板'!$C$12="必須採計",V675>0,IF('114成績輸入與落點儀表板'!$C$12="不可採計",V675=0,TRUE)),IF('114成績輸入與落點儀表板'!$C$13="必須採計",W675>0,IF('114成績輸入與落點儀表板'!$C$13="不可採計",W675=0,TRUE)),IF('114成績輸入與落點儀表板'!$C$14="必須採計",X675>0,IF('114成績輸入與落點儀表板'!$C$14="不可採計",X675=0,TRUE)),IF('114成績輸入與落點儀表板'!$C$15="必須採計",Y675>0,IF('114成績輸入與落點儀表板'!$C$15="不可採計",Y675=0,TRUE)),IF('114成績輸入與落點儀表板'!$C$16="必須採計",Z675>0,IF('114成績輸入與落點儀表板'!$C$16="不可採計",Z675=0,TRUE))),"✅ 符合","❌ 不符合") -> ✅ 符合 | L675: 1 | M675: 0 | N675: 0 | O675: 0 | P675: 0 | Q675: 0 | R675: 0 | S675: 0 | T675: 0 | U675: 1 | V675: 0 | W675: 1 | X675: 1 | Y675: 0 | Z675: 0
A676: 1243 | B676: 中國文化大學 | C676: 都市計劃與開發管理學系 | D676: 財經管理學群 | E676: 國x2.00 地x2.00 公x1.00 | F676: 4 | G676: 118 | H676: =L676*'114成績輸入與落點儀表板'!$B$2+M676*'114成績輸入與落點儀表板'!$B$3+N676*'114成績輸入與落點儀表板'!$B$4+O676*'114成績輸入與落點儀表板'!$B$5+P676*'114成績輸入與落點儀表板'!$B$6+Q676*'114成績輸入與落點儀表板'!$B$7+R676*'114成績輸入與落點儀表板'!$B$8+S676*'114成績輸入與落點儀表板'!$B$9+T676*'114成績輸入與落點儀表板'!$B$10+U676*'114成績輸入與落點儀表板'!$B$11+V676*'114成績輸入與落點儀表板'!$B$12+W676*'114成績輸入與落點儀表板'!$B$13+X676*'114成績輸入與落點儀表板'!$B$14+Y676*'114成績輸入與落點儀表板'!$B$15+Z676*'114成績輸入與落點儀表板'!$B$16 -> 0 | I676: =IF(G676="","",H676-G676) -> -118 | J676: =IF(G676="","無錄取資料",IF(I676>=0,"PASS","FAIL")) -> FAIL | K676: =IF(AND(IF('114成績輸入與落點儀表板'!$C$2="必須採計",L676>0,IF('114成績輸入與落點儀表板'!$C$2="不可採計",L676=0,TRUE)),IF('114成績輸入與落點儀表板'!$C$3="必須採計",M676>0,IF('114成績輸入與落點儀表板'!$C$3="不可採計",M676=0,TRUE)),IF('114成績輸入與落點儀表板'!$C$4="必須採計",N676>0,IF('114成績輸入與落點儀表板'!$C$4="不可採計",N676=0,TRUE)),IF('114成績輸入與落點儀表板'!$C$5="必須採計",O676>0,IF('114成績輸入與落點儀表板'!$C$5="不可採計",O676=0,TRUE)),IF('114成績輸入與落點儀表板'!$C$6="必須採計",P676>0,IF('114成績輸入與落點儀表板'!$C$6="不可採計",P676=0,TRUE)),IF('114成績輸入與落點儀表板'!$C$7="必須採計",Q676>0,IF('114成績輸入與落點儀表板'!$C$7="不可採計",Q676=0,TRUE)),IF('114成績輸入與落點儀表板'!$C$8="必須採計",R676>0,IF('114成績輸入與落點儀表板'!$C$8="不可採計",R676=0,TRUE)),IF('114成績輸入與落點儀表板'!$C$9="必須採計",S676>0,IF('114成績輸入與落點儀表板'!$C$9="不可採計",S676=0,TRUE)),IF('114成績輸入與落點儀表板'!$C$10="必須採計",T676>0,IF('114成績輸入與落點儀表板'!$C$10="不可採計",T676=0,TRUE)),IF('114成績輸入與落點儀表板'!$C$11="必須採計",U676>0,IF('114成績輸入與落點儀表板'!$C$11="不可採計",U676=0,TRUE)),IF('114成績輸入與落點儀表板'!$C$12="必須採計",V676>0,IF('114成績輸入與落點儀表板'!$C$12="不可採計",V676=0,TRUE)),IF('114成績輸入與落點儀表板'!$C$13="必須採計",W676>0,IF('114成績輸入與落點儀表板'!$C$13="不可採計",W676=0,TRUE)),IF('114成績輸入與落點儀表板'!$C$14="必須採計",X676>0,IF('114成績輸入與落點儀表板'!$C$14="不可採計",X676=0,TRUE)),IF('114成績輸入與落點儀表板'!$C$15="必須採計",Y676>0,IF('114成績輸入與落點儀表板'!$C$15="不可採計",Y676=0,TRUE)),IF('114成績輸入與落點儀表板'!$C$16="必須採計",Z676>0,IF('114成績輸入與落點儀表板'!$C$16="不可採計",Z676=0,TRUE))),"✅ 符合","❌ 不符合") -> ✅ 符合 | L676: 2 | M676: 0 | N676: 0 | O676: 0 | P676: 0 | Q676: 0 | R676: 0 | S676: 0 | T676: 0 | U676: 0 | V676: 2 | W676: 1 | X676: 0 | Y676: 0 | Z676: 0
A677: 1244 | B677: 中國文化大學 | C677: 建築及都市設計學系建築及室內設計組 | D677: 藝術與體育學群 | E677: 國x2.00 英x1.00 地x1.00 | F677: 14 | G677: 116 | H677: =L677*'114成績輸入與落點儀表板'!$B$2+M677*'114成績輸入與落點儀表板'!$B$3+N677*'114成績輸入與落點儀表板'!$B$4+O677*'114成績輸入與落點儀表板'!$B$5+P677*'114成績輸入與落點儀表板'!$B$6+Q677*'114成績輸入與落點儀表板'!$B$7+R677*'114成績輸入與落點儀表板'!$B$8+S677*'114成績輸入與落點儀表板'!$B$9+T677*'114成績輸入與落點儀表板'!$B$10+U677*'114成績輸入與落點儀表板'!$B$11+V677*'114成績輸入與落點儀表板'!$B$12+W677*'114成績輸入與落點儀表板'!$B$13+X677*'114成績輸入與落點儀表板'!$B$14+Y677*'114成績輸入與落點儀表板'!$B$15+Z677*'114成績輸入與落點儀表板'!$B$16 -> 0 | I677: =IF(G677="","",H677-G677) -> -116 | J677: =IF(G677="","無錄取資料",IF(I677>=0,"PASS","FAIL")) -> FAIL | K677: =IF(AND(IF('114成績輸入與落點儀表板'!$C$2="必須採計",L677>0,IF('114成績輸入與落點儀表板'!$C$2="不可採計",L677=0,TRUE)),IF('114成績輸入與落點儀表板'!$C$3="必須採計",M677>0,IF('114成績輸入與落點儀表板'!$C$3="不可採計",M677=0,TRUE)),IF('114成績輸入與落點儀表板'!$C$4="必須採計",N677>0,IF('114成績輸入與落點儀表板'!$C$4="不可採計",N677=0,TRUE)),IF('114成績輸入與落點儀表板'!$C$5="必須採計",O677>0,IF('114成績輸入與落點儀表板'!$C$5="不可採計",O677=0,TRUE)),IF('114成績輸入與落點儀表板'!$C$6="必須採計",P677>0,IF('114成績輸入與落點儀表板'!$C$6="不可採計",P677=0,TRUE)),IF('114成績輸入與落點儀表板'!$C$7="必須採計",Q677>0,IF('114成績輸入與落點儀表板'!$C$7="不可採計",Q677=0,TRUE)),IF('114成績輸入與落點儀表板'!$C$8="必須採計",R677>0,IF('114成績輸入與落點儀表板'!$C$8="不可採計",R677=0,TRUE)),IF('114成績輸入與落點儀表板'!$C$9="必須採計",S677>0,IF('114成績輸入與落點儀表板'!$C$9="不可採計",S677=0,TRUE)),IF('114成績輸入與落點儀表板'!$C$10="必須採計",T677>0,IF('114成績輸入與落點儀表板'!$C$10="不可採計",T677=0,TRUE)),IF('114成績輸入與落點儀表板'!$C$11="必須採計",U677>0,IF('114成績輸入與落點儀表板'!$C$11="不可採計",U677=0,TRUE)),IF('114成績輸入與落點儀表板'!$C$12="必須採計",V677>0,IF('114成績輸入與落點儀表板'!$C$12="不可採計",V677=0,TRUE)),IF('114成績輸入與落點儀表板'!$C$13="必須採計",W677>0,IF('114成績輸入與落點儀表板'!$C$13="不可採計",W677=0,TRUE)),IF('114成績輸入與落點儀表板'!$C$14="必須採計",X677>0,IF('114成績輸入與落點儀表板'!$C$14="不可採計",X677=0,TRUE)),IF('114成績輸入與落點儀表板'!$C$15="必須採計",Y677>0,IF('114成績輸入與落點儀表板'!$C$15="不可採計",Y677=0,TRUE)),IF('114成績輸入與落點儀表板'!$C$16="必須採計",Z677>0,IF('114成績輸入與落點儀表板'!$C$16="不可採計",Z677=0,TRUE))),"✅ 符合","❌ 不符合") -> ✅ 符合 | L677: 2 | M677: 1 | N677: 0 | O677: 0 | P677: 0 | Q677: 0 | R677: 0 | S677: 0 | T677: 0 | U677: 0 | V677: 1 | W677: 0 | X677: 0 | Y677: 0 | Z677: 0
A678: 1245 | B678: 中國文化大學 | C678: 建築及都市設計學系建築及都市設計組 | D678: 藝術與體育學群 | E678: 國x2.00 英x1.00 物x1.00 | F678: 13 | G678: 114 | H678: =L678*'114成績輸入與落點儀表板'!$B$2+M678*'114成績輸入與落點儀表板'!$B$3+N678*'114成績輸入與落點儀表板'!$B$4+O678*'114成績輸入與落點儀表板'!$B$5+P678*'114成績輸入與落點儀表板'!$B$6+Q678*'114成績輸入與落點儀表板'!$B$7+R678*'114成績輸入與落點儀表板'!$B$8+S678*'114成績輸入與落點儀表板'!$B$9+T678*'114成績輸入與落點儀表板'!$B$10+U678*'114成績輸入與落點儀表板'!$B$11+V678*'114成績輸入與落點儀表板'!$B$12+W678*'114成績輸入與落點儀表板'!$B$13+X678*'114成績輸入與落點儀表板'!$B$14+Y678*'114成績輸入與落點儀表板'!$B$15+Z678*'114成績輸入與落點儀表板'!$B$16 -> 0 | I678: =IF(G678="","",H678-G678) -> -114 | J678: =IF(G678="","無錄取資料",IF(I678>=0,"PASS","FAIL")) -> FAIL | K678: =IF(AND(IF('114成績輸入與落點儀表板'!$C$2="必須採計",L678>0,IF('114成績輸入與落點儀表板'!$C$2="不可採計",L678=0,TRUE)),IF('114成績輸入與落點儀表板'!$C$3="必須採計",M678>0,IF('114成績輸入與落點儀表板'!$C$3="不可採計",M678=0,TRUE)),IF('114成績輸入與落點儀表板'!$C$4="必須採計",N678>0,IF('114成績輸入與落點儀表板'!$C$4="不可採計",N678=0,TRUE)),IF('114成績輸入與落點儀表板'!$C$5="必須採計",O678>0,IF('114成績輸入與落點儀表板'!$C$5="不可採計",O678=0,TRUE)),IF('114成績輸入與落點儀表板'!$C$6="必須採計",P678>0,IF('114成績輸入與落點儀表板'!$C$6="不可採計",P678=0,TRUE)),IF('114成績輸入與落點儀表板'!$C$7="必須採計",Q678>0,IF('114成績輸入與落點儀表板'!$C$7="不可採計",Q678=0,TRUE)),IF('114成績輸入與落點儀表板'!$C$8="必須採計",R678>0,IF('114成績輸入與落點儀表板'!$C$8="不可採計",R678=0,TRUE)),IF('114成績輸入與落點儀表板'!$C$9="必須採計",S678>0,IF('114成績輸入與落點儀表板'!$C$9="不可採計",S678=0,TRUE)),IF('114成績輸入與落點儀表板'!$C$10="必須採計",T678>0,IF('114成績輸入與落點儀表板'!$C$10="不可採計",T678=0,TRUE)),IF('114成績輸入與落點儀表板'!$C$11="必須採計",U678>0,IF('114成績輸入與落點儀表板'!$C$11="不可採計",U678=0,TRUE)),IF('114成績輸入與落點儀表板'!$C$12="必須採計",V678>0,IF('114成績輸入與落點儀表板'!$C$12="不可採計",V678=0,TRUE)),IF('114成績輸入與落點儀表板'!$C$13="必須採計",W678>0,IF('114成績輸入與落點儀表板'!$C$13="不可採計",W678=0,TRUE)),IF('114成績輸入與落點儀表板'!$C$14="必須採計",X678>0,IF('114成績輸入與落點儀表板'!$C$14="不可採計",X678=0,TRUE)),IF('114成績輸入與落點儀表板'!$C$15="必須採計",Y678>0,IF('114成績輸入與落點儀表板'!$C$15="不可採計",Y678=0,TRUE)),IF('114成績輸入與落點儀表板'!$C$16="必須採計",Z678>0,IF('114成績輸入與落點儀表板'!$C$16="不可採計",Z678=0,TRUE))),"✅ 符合","❌ 不符合") -> ✅ 符合 | L678: 2 | M678: 1 | N678: 0 | O678: 0 | P678: 0 | Q678: 0 | R678: 1 | S678: 0 | T678: 0 | U678: 0 | V678: 0 | W678: 0 | X678: 0 | Y678: 0 | Z678: 0
A679: 1246 | B679: 中國文化大學 | C679: 景觀學系A組 | D679: 藝術與體育學群 | E679: 國x2.00 英x2.00 地x1.00 | F679: 11 | G679: 83 | H679: =L679*'114成績輸入與落點儀表板'!$B$2+M679*'114成績輸入與落點儀表板'!$B$3+N679*'114成績輸入與落點儀表板'!$B$4+O679*'114成績輸入與落點儀表板'!$B$5+P679*'114成績輸入與落點儀表板'!$B$6+Q679*'114成績輸入與落點儀表板'!$B$7+R679*'114成績輸入與落點儀表板'!$B$8+S679*'114成績輸入與落點儀表板'!$B$9+T679*'114成績輸入與落點儀表板'!$B$10+U679*'114成績輸入與落點儀表板'!$B$11+V679*'114成績輸入與落點儀表板'!$B$12+W679*'114成績輸入與落點儀表板'!$B$13+X679*'114成績輸入與落點儀表板'!$B$14+Y679*'114成績輸入與落點儀表板'!$B$15+Z679*'114成績輸入與落點儀表板'!$B$16 -> 0 | I679: =IF(G679="","",H679-G679) -> -83 | J679: =IF(G679="","無錄取資料",IF(I679>=0,"PASS","FAIL")) -> FAIL | K679: =IF(AND(IF('114成績輸入與落點儀表板'!$C$2="必須採計",L679>0,IF('114成績輸入與落點儀表板'!$C$2="不可採計",L679=0,TRUE)),IF('114成績輸入與落點儀表板'!$C$3="必須採計",M679>0,IF('114成績輸入與落點儀表板'!$C$3="不可採計",M679=0,TRUE)),IF('114成績輸入與落點儀表板'!$C$4="必須採計",N679>0,IF('114成績輸入與落點儀表板'!$C$4="不可採計",N679=0,TRUE)),IF('114成績輸入與落點儀表板'!$C$5="必須採計",O679>0,IF('114成績輸入與落點儀表板'!$C$5="不可採計",O679=0,TRUE)),IF('114成績輸入與落點儀表板'!$C$6="必須採計",P679>0,IF('114成績輸入與落點儀表板'!$C$6="不可採計",P679=0,TRUE)),IF('114成績輸入與落點儀表板'!$C$7="必須採計",Q679>0,IF('114成績輸入與落點儀表板'!$C$7="不可採計",Q679=0,TRUE)),IF('114成績輸入與落點儀表板'!$C$8="必須採計",R679>0,IF('114成績輸入與落點儀表板'!$C$8="不可採計",R679=0,TRUE)),IF('114成績輸入與落點儀表板'!$C$9="必須採計",S679>0,IF('114成績輸入與落點儀表板'!$C$9="不可採計",S679=0,TRUE)),IF('114成績輸入與落點儀表板'!$C$10="必須採計",T679>0,IF('114成績輸入與落點儀表板'!$C$10="不可採計",T679=0,TRUE)),IF('114成績輸入與落點儀表板'!$C$11="必須採計",U679>0,IF('114成績輸入與落點儀表板'!$C$11="不可採計",U679=0,TRUE)),IF('114成績輸入與落點儀表板'!$C$12="必須採計",V679>0,IF('114成績輸入與落點儀表板'!$C$12="不可採計",V679=0,TRUE)),IF('114成績輸入與落點儀表板'!$C$13="必須採計",W679>0,IF('114成績輸入與落點儀表板'!$C$13="不可採計",W679=0,TRUE)),IF('114成績輸入與落點儀表板'!$C$14="必須採計",X679>0,IF('114成績輸入與落點儀表板'!$C$14="不可採計",X679=0,TRUE)),IF('114成績輸入與落點儀表板'!$C$15="必須採計",Y679>0,IF('114成績輸入與落點儀表板'!$C$15="不可採計",Y679=0,TRUE)),IF('114成績輸入與落點儀表板'!$C$16="必須採計",Z679>0,IF('114成績輸入與落點儀表板'!$C$16="不可採計",Z679=0,TRUE))),"✅ 符合","❌ 不符合") -> ✅ 符合 | L679: 2 | M679: 2 | N679: 0 | O679: 0 | P679: 0 | Q679: 0 | R679: 0 | S679: 0 | T679: 0 | U679: 0 | V679: 1 | W679: 0 | X679: 0 | Y679: 0 | Z679: 0
A680: 1247 | B680: 中國文化大學 | C680: 景觀學系B組 | D680: 藝術與體育學群 | E680: 國x2.00 英x2.00 生x1.00 | F680: 12 | G680: 105 | H680: =L680*'114成績輸入與落點儀表板'!$B$2+M680*'114成績輸入與落點儀表板'!$B$3+N680*'114成績輸入與落點儀表板'!$B$4+O680*'114成績輸入與落點儀表板'!$B$5+P680*'114成績輸入與落點儀表板'!$B$6+Q680*'114成績輸入與落點儀表板'!$B$7+R680*'114成績輸入與落點儀表板'!$B$8+S680*'114成績輸入與落點儀表板'!$B$9+T680*'114成績輸入與落點儀表板'!$B$10+U680*'114成績輸入與落點儀表板'!$B$11+V680*'114成績輸入與落點儀表板'!$B$12+W680*'114成績輸入與落點儀表板'!$B$13+X680*'114成績輸入與落點儀表板'!$B$14+Y680*'114成績輸入與落點儀表板'!$B$15+Z680*'114成績輸入與落點儀表板'!$B$16 -> 0 | I680: =IF(G680="","",H680-G680) -> -105 | J680: =IF(G680="","無錄取資料",IF(I680>=0,"PASS","FAIL")) -> FAIL | K680: =IF(AND(IF('114成績輸入與落點儀表板'!$C$2="必須採計",L680>0,IF('114成績輸入與落點儀表板'!$C$2="不可採計",L680=0,TRUE)),IF('114成績輸入與落點儀表板'!$C$3="必須採計",M680>0,IF('114成績輸入與落點儀表板'!$C$3="不可採計",M680=0,TRUE)),IF('114成績輸入與落點儀表板'!$C$4="必須採計",N680>0,IF('114成績輸入與落點儀表板'!$C$4="不可採計",N680=0,TRUE)),IF('114成績輸入與落點儀表板'!$C$5="必須採計",O680>0,IF('114成績輸入與落點儀表板'!$C$5="不可採計",O680=0,TRUE)),IF('114成績輸入與落點儀表板'!$C$6="必須採計",P680>0,IF('114成績輸入與落點儀表板'!$C$6="不可採計",P680=0,TRUE)),IF('114成績輸入與落點儀表板'!$C$7="必須採計",Q680>0,IF('114成績輸入與落點儀表板'!$C$7="不可採計",Q680=0,TRUE)),IF('114成績輸入與落點儀表板'!$C$8="必須採計",R680>0,IF('114成績輸入與落點儀表板'!$C$8="不可採計",R680=0,TRUE)),IF('114成績輸入與落點儀表板'!$C$9="必須採計",S680>0,IF('114成績輸入與落點儀表板'!$C$9="不可採計",S680=0,TRUE)),IF('114成績輸入與落點儀表板'!$C$10="必須採計",T680>0,IF('114成績輸入與落點儀表板'!$C$10="不可採計",T680=0,TRUE)),IF('114成績輸入與落點儀表板'!$C$11="必須採計",U680>0,IF('114成績輸入與落點儀表板'!$C$11="不可採計",U680=0,TRUE)),IF('114成績輸入與落點儀表板'!$C$12="必須採計",V680>0,IF('114成績輸入與落點儀表板'!$C$12="不可採計",V680=0,TRUE)),IF('114成績輸入與落點儀表板'!$C$13="必須採計",W680>0,IF('114成績輸入與落點儀表板'!$C$13="不可採計",W680=0,TRUE)),IF('114成績輸入與落點儀表板'!$C$14="必須採計",X680>0,IF('114成績輸入與落點儀表板'!$C$14="不可採計",X680=0,TRUE)),IF('114成績輸入與落點儀表板'!$C$15="必須採計",Y680>0,IF('114成績輸入與落點儀表板'!$C$15="不可採計",Y680=0,TRUE)),IF('114成績輸入與落點儀表板'!$C$16="必須採計",Z680>0,IF('114成績輸入與落點儀表板'!$C$16="不可採計",Z680=0,TRUE))),"✅ 符合","❌ 不符合") -> ✅ 符合 | L680: 2 | M680: 2 | N680: 0 | O680: 0 | P680: 0 | Q680: 0 | R680: 0 | S680: 0 | T680: 1 | U680: 0 | V680: 0 | W680: 0 | X680: 0 | Y680: 0 | Z680: 0
A681: 1250 | B681: 中國文化大學 | C681: 教育學系 | D681: 教育學群 | E681: 公x2.00 社x2.00 國x1.50 | F681: 8 | G681: 128.5 | H681: =L681*'114成績輸入與落點儀表板'!$B$2+M681*'114成績輸入與落點儀表板'!$B$3+N681*'114成績輸入與落點儀表板'!$B$4+O681*'114成績輸入與落點儀表板'!$B$5+P681*'114成績輸入與落點儀表板'!$B$6+Q681*'114成績輸入與落點儀表板'!$B$7+R681*'114成績輸入與落點儀表板'!$B$8+S681*'114成績輸入與落點儀表板'!$B$9+T681*'114成績輸入與落點儀表板'!$B$10+U681*'114成績輸入與落點儀表板'!$B$11+V681*'114成績輸入與落點儀表板'!$B$12+W681*'114成績輸入與落點儀表板'!$B$13+X681*'114成績輸入與落點儀表板'!$B$14+Y681*'114成績輸入與落點儀表板'!$B$15+Z681*'114成績輸入與落點儀表板'!$B$16 -> 0 | I681: =IF(G681="","",H681-G681) -> -128.5 | J681: =IF(G681="","無錄取資料",IF(I681>=0,"PASS","FAIL")) -> FAIL | K681: =IF(AND(IF('114成績輸入與落點儀表板'!$C$2="必須採計",L681>0,IF('114成績輸入與落點儀表板'!$C$2="不可採計",L681=0,TRUE)),IF('114成績輸入與落點儀表板'!$C$3="必須採計",M681>0,IF('114成績輸入與落點儀表板'!$C$3="不可採計",M681=0,TRUE)),IF('114成績輸入與落點儀表板'!$C$4="必須採計",N681>0,IF('114成績輸入與落點儀表板'!$C$4="不可採計",N681=0,TRUE)),IF('114成績輸入與落點儀表板'!$C$5="必須採計",O681>0,IF('114成績輸入與落點儀表板'!$C$5="不可採計",O681=0,TRUE)),IF('114成績輸入與落點儀表板'!$C$6="必須採計",P681>0,IF('114成績輸入與落點儀表板'!$C$6="不可採計",P681=0,TRUE)),IF('114成績輸入與落點儀表板'!$C$7="必須採計",Q681>0,IF('114成績輸入與落點儀表板'!$C$7="不可採計",Q681=0,TRUE)),IF('114成績輸入與落點儀表板'!$C$8="必須採計",R681>0,IF('114成績輸入與落點儀表板'!$C$8="不可採計",R681=0,TRUE)),IF('114成績輸入與落點儀表板'!$C$9="必須採計",S681>0,IF('114成績輸入與落點儀表板'!$C$9="不可採計",S681=0,TRUE)),IF('114成績輸入與落點儀表板'!$C$10="必須採計",T681>0,IF('114成績輸入與落點儀表板'!$C$10="不可採計",T681=0,TRUE)),IF('114成績輸入與落點儀表板'!$C$11="必須採計",U681>0,IF('114成績輸入與落點儀表板'!$C$11="不可採計",U681=0,TRUE)),IF('114成績輸入與落點儀表板'!$C$12="必須採計",V681>0,IF('114成績輸入與落點儀表板'!$C$12="不可採計",V681=0,TRUE)),IF('114成績輸入與落點儀表板'!$C$13="必須採計",W681>0,IF('114成績輸入與落點儀表板'!$C$13="不可採計",W681=0,TRUE)),IF('114成績輸入與落點儀表板'!$C$14="必須採計",X681>0,IF('114成績輸入與落點儀表板'!$C$14="不可採計",X681=0,TRUE)),IF('114成績輸入與落點儀表板'!$C$15="必須採計",Y681>0,IF('114成績輸入與落點儀表板'!$C$15="不可採計",Y681=0,TRUE)),IF('114成績輸入與落點儀表板'!$C$16="必須採計",Z681>0,IF('114成績輸入與落點儀表板'!$C$16="不可採計",Z681=0,TRUE))),"✅ 符合","❌ 不符合") -> ✅ 符合 | L681: 1.5 | M681: 0 | N681: 0 | O681: 0 | P681: 0 | Q681: 0 | R681: 0 | S681: 0 | T681: 0 | U681: 0 | V681: 0 | W681: 2 | X681: 2 | Y681: 0 | Z681: 0
A682: 1251 | B682: 中國文化大學 | C682: 心理輔導學系 | D682: 社會與心理學群 | E682: 國x1.50 英x1.00 公x2.00 | F682: 11 | G682: 142.5 | H682: =L682*'114成績輸入與落點儀表板'!$B$2+M682*'114成績輸入與落點儀表板'!$B$3+N682*'114成績輸入與落點儀表板'!$B$4+O682*'114成績輸入與落點儀表板'!$B$5+P682*'114成績輸入與落點儀表板'!$B$6+Q682*'114成績輸入與落點儀表板'!$B$7+R682*'114成績輸入與落點儀表板'!$B$8+S682*'114成績輸入與落點儀表板'!$B$9+T682*'114成績輸入與落點儀表板'!$B$10+U682*'114成績輸入與落點儀表板'!$B$11+V682*'114成績輸入與落點儀表板'!$B$12+W682*'114成績輸入與落點儀表板'!$B$13+X682*'114成績輸入與落點儀表板'!$B$14+Y682*'114成績輸入與落點儀表板'!$B$15+Z682*'114成績輸入與落點儀表板'!$B$16 -> 0 | I682: =IF(G682="","",H682-G682) -> -142.5 | J682: =IF(G682="","無錄取資料",IF(I682>=0,"PASS","FAIL")) -> FAIL | K682: =IF(AND(IF('114成績輸入與落點儀表板'!$C$2="必須採計",L682>0,IF('114成績輸入與落點儀表板'!$C$2="不可採計",L682=0,TRUE)),IF('114成績輸入與落點儀表板'!$C$3="必須採計",M682>0,IF('114成績輸入與落點儀表板'!$C$3="不可採計",M682=0,TRUE)),IF('114成績輸入與落點儀表板'!$C$4="必須採計",N682>0,IF('114成績輸入與落點儀表板'!$C$4="不可採計",N682=0,TRUE)),IF('114成績輸入與落點儀表板'!$C$5="必須採計",O682>0,IF('114成績輸入與落點儀表板'!$C$5="不可採計",O682=0,TRUE)),IF('114成績輸入與落點儀表板'!$C$6="必須採計",P682>0,IF('114成績輸入與落點儀表板'!$C$6="不可採計",P682=0,TRUE)),IF('114成績輸入與落點儀表板'!$C$7="必須採計",Q682>0,IF('114成績輸入與落點儀表板'!$C$7="不可採計",Q682=0,TRUE)),IF('114成績輸入與落點儀表板'!$C$8="必須採計",R682>0,IF('114成績輸入與落點儀表板'!$C$8="不可採計",R682=0,TRUE)),IF('114成績輸入與落點儀表板'!$C$9="必須採計",S682>0,IF('114成績輸入與落點儀表板'!$C$9="不可採計",S682=0,TRUE)),IF('114成績輸入與落點儀表板'!$C$10="必須採計",T682>0,IF('114成績輸入與落點儀表板'!$C$10="不可採計",T682=0,TRUE)),IF('114成績輸入與落點儀表板'!$C$11="必須採計",U682>0,IF('114成績輸入與落點儀表板'!$C$11="不可採計",U682=0,TRUE)),IF('114成績輸入與落點儀表板'!$C$12="必須採計",V682>0,IF('114成績輸入與落點儀表板'!$C$12="不可採計",V682=0,TRUE)),IF('114成績輸入與落點儀表板'!$C$13="必須採計",W682>0,IF('114成績輸入與落點儀表板'!$C$13="不可採計",W682=0,TRUE)),IF('114成績輸入與落點儀表板'!$C$14="必須採計",X682>0,IF('114成績輸入與落點儀表板'!$C$14="不可採計",X682=0,TRUE)),IF('114成績輸入與落點儀表板'!$C$15="必須採計",Y682>0,IF('114成績輸入與落點儀表板'!$C$15="不可採計",Y682=0,TRUE)),IF('114成績輸入與落點儀表板'!$C$16="必須採計",Z682>0,IF('114成績輸入與落點儀表板'!$C$16="不可採計",Z682=0,TRUE))),"✅ 符合","❌ 不符合") -> ✅ 符合 | L682: 1.5 | M682: 1 | N682: 0 | O682: 0 | P682: 0 | Q682: 0 | R682: 0 | S682: 0 | T682: 0 | U682: 0 | V682: 0 | W682: 2 | X682: 0 | Y682: 0 | Z682: 0
A683: 1252 | B683: 靜宜大學 | C683: 英國語文學系 | D683: 其他學群 | E683: 英x2.00 國x1.50 公x1.00 | F683: 22 | G683: 91 | H683: =L683*'114成績輸入與落點儀表板'!$B$2+M683*'114成績輸入與落點儀表板'!$B$3+N683*'114成績輸入與落點儀表板'!$B$4+O683*'114成績輸入與落點儀表板'!$B$5+P683*'114成績輸入與落點儀表板'!$B$6+Q683*'114成績輸入與落點儀表板'!$B$7+R683*'114成績輸入與落點儀表板'!$B$8+S683*'114成績輸入與落點儀表板'!$B$9+T683*'114成績輸入與落點儀表板'!$B$10+U683*'114成績輸入與落點儀表板'!$B$11+V683*'114成績輸入與落點儀表板'!$B$12+W683*'114成績輸入與落點儀表板'!$B$13+X683*'114成績輸入與落點儀表板'!$B$14+Y683*'114成績輸入與落點儀表板'!$B$15+Z683*'114成績輸入與落點儀表板'!$B$16 -> 0 | I683: =IF(G683="","",H683-G683) -> -91 | J683: =IF(G683="","無錄取資料",IF(I683>=0,"PASS","FAIL")) -> FAIL | K683: =IF(AND(IF('114成績輸入與落點儀表板'!$C$2="必須採計",L683>0,IF('114成績輸入與落點儀表板'!$C$2="不可採計",L683=0,TRUE)),IF('114成績輸入與落點儀表板'!$C$3="必須採計",M683>0,IF('114成績輸入與落點儀表板'!$C$3="不可採計",M683=0,TRUE)),IF('114成績輸入與落點儀表板'!$C$4="必須採計",N683>0,IF('114成績輸入與落點儀表板'!$C$4="不可採計",N683=0,TRUE)),IF('114成績輸入與落點儀表板'!$C$5="必須採計",O683>0,IF('114成績輸入與落點儀表板'!$C$5="不可採計",O683=0,TRUE)),IF('114成績輸入與落點儀表板'!$C$6="必須採計",P683>0,IF('114成績輸入與落點儀表板'!$C$6="不可採計",P683=0,TRUE)),IF('114成績輸入與落點儀表板'!$C$7="必須採計",Q683>0,IF('114成績輸入與落點儀表板'!$C$7="不可採計",Q683=0,TRUE)),IF('114成績輸入與落點儀表板'!$C$8="必須採計",R683>0,IF('114成績輸入與落點儀表板'!$C$8="不可採計",R683=0,TRUE)),IF('114成績輸入與落點儀表板'!$C$9="必須採計",S683>0,IF('114成績輸入與落點儀表板'!$C$9="不可採計",S683=0,TRUE)),IF('114成績輸入與落點儀表板'!$C$10="必須採計",T683>0,IF('114成績輸入與落點儀表板'!$C$10="不可採計",T683=0,TRUE)),IF('114成績輸入與落點儀表板'!$C$11="必須採計",U683>0,IF('114成績輸入與落點儀表板'!$C$11="不可採計",U683=0,TRUE)),IF('114成績輸入與落點儀表板'!$C$12="必須採計",V683>0,IF('114成績輸入與落點儀表板'!$C$12="不可採計",V683=0,TRUE)),IF('114成績輸入與落點儀表板'!$C$13="必須採計",W683>0,IF('114成績輸入與落點儀表板'!$C$13="不可採計",W683=0,TRUE)),IF('114成績輸入與落點儀表板'!$C$14="必須採計",X683>0,IF('114成績輸入與落點儀表板'!$C$14="不可採計",X683=0,TRUE)),IF('114成績輸入與落點儀表板'!$C$15="必須採計",Y683>0,IF('114成績輸入與落點儀表板'!$C$15="不可採計",Y683=0,TRUE)),IF('114成績輸入與落點儀表板'!$C$16="必須採計",Z683>0,IF('114成績輸入與落點儀表板'!$C$16="不可採計",Z683=0,TRUE))),"✅ 符合","❌ 不符合") -> ✅ 符合 | L683: 1.5 | M683: 2 | N683: 0 | O683: 0 | P683: 0 | Q683: 0 | R683: 0 | S683: 0 | T683: 0 | U683: 0 | V683: 0 | W683: 1 | X683: 0 | Y683: 0 | Z683: 0
A684: 1253 | B684: 靜宜大學 | C684: 西班牙語文學系 | D684: 外語學群 | E684: 國x2.00 英x1.50 歷x1.00 | F684: 11 | G684: 110 | H684: =L684*'114成績輸入與落點儀表板'!$B$2+M684*'114成績輸入與落點儀表板'!$B$3+N684*'114成績輸入與落點儀表板'!$B$4+O684*'114成績輸入與落點儀表板'!$B$5+P684*'114成績輸入與落點儀表板'!$B$6+Q684*'114成績輸入與落點儀表板'!$B$7+R684*'114成績輸入與落點儀表板'!$B$8+S684*'114成績輸入與落點儀表板'!$B$9+T684*'114成績輸入與落點儀表板'!$B$10+U684*'114成績輸入與落點儀表板'!$B$11+V684*'114成績輸入與落點儀表板'!$B$12+W684*'114成績輸入與落點儀表板'!$B$13+X684*'114成績輸入與落點儀表板'!$B$14+Y684*'114成績輸入與落點儀表板'!$B$15+Z684*'114成績輸入與落點儀表板'!$B$16 -> 0 | I684: =IF(G684="","",H684-G684) -> -110 | J684: =IF(G684="","無錄取資料",IF(I684>=0,"PASS","FAIL")) -> FAIL | K684: =IF(AND(IF('114成績輸入與落點儀表板'!$C$2="必須採計",L684>0,IF('114成績輸入與落點儀表板'!$C$2="不可採計",L684=0,TRUE)),IF('114成績輸入與落點儀表板'!$C$3="必須採計",M684>0,IF('114成績輸入與落點儀表板'!$C$3="不可採計",M684=0,TRUE)),IF('114成績輸入與落點儀表板'!$C$4="必須採計",N684>0,IF('114成績輸入與落點儀表板'!$C$4="不可採計",N684=0,TRUE)),IF('114成績輸入與落點儀表板'!$C$5="必須採計",O684>0,IF('114成績輸入與落點儀表板'!$C$5="不可採計",O684=0,TRUE)),IF('114成績輸入與落點儀表板'!$C$6="必須採計",P684>0,IF('114成績輸入與落點儀表板'!$C$6="不可採計",P684=0,TRUE)),IF('114成績輸入與落點儀表板'!$C$7="必須採計",Q684>0,IF('114成績輸入與落點儀表板'!$C$7="不可採計",Q684=0,TRUE)),IF('114成績輸入與落點儀表板'!$C$8="必須採計",R684>0,IF('114成績輸入與落點儀表板'!$C$8="不可採計",R684=0,TRUE)),IF('114成績輸入與落點儀表板'!$C$9="必須採計",S684>0,IF('114成績輸入與落點儀表板'!$C$9="不可採計",S684=0,TRUE)),IF('114成績輸入與落點儀表板'!$C$10="必須採計",T684>0,IF('114成績輸入與落點儀表板'!$C$10="不可採計",T684=0,TRUE)),IF('114成績輸入與落點儀表板'!$C$11="必須採計",U684>0,IF('114成績輸入與落點儀表板'!$C$11="不可採計",U684=0,TRUE)),IF('114成績輸入與落點儀表板'!$C$12="必須採計",V684>0,IF('114成績輸入與落點儀表板'!$C$12="不可採計",V684=0,TRUE)),IF('114成績輸入與落點儀表板'!$C$13="必須採計",W684>0,IF('114成績輸入與落點儀表板'!$C$13="不可採計",W684=0,TRUE)),IF('114成績輸入與落點儀表板'!$C$14="必須採計",X684>0,IF('114成績輸入與落點儀表板'!$C$14="不可採計",X684=0,TRUE)),IF('114成績輸入與落點儀表板'!$C$15="必須採計",Y684>0,IF('114成績輸入與落點儀表板'!$C$15="不可採計",Y684=0,TRUE)),IF('114成績輸入與落點儀表板'!$C$16="必須採計",Z684>0,IF('114成績輸入與落點儀表板'!$C$16="不可採計",Z684=0,TRUE))),"✅ 符合","❌ 不符合") -> ✅ 符合 | L684: 2 | M684: 1.5 | N684: 0 | O684: 0 | P684: 0 | Q684: 0 | R684: 0 | S684: 0 | T684: 0 | U684: 1 | V684: 0 | W684: 0 | X684: 0 | Y684: 0 | Z684: 0
... A1036: 2013 | B1036: 國立東華大學 | C1036: 英美語文學系 | D1036: 其他學群 | E1036: 英x2.00 國x1.25 公x1.00 | F1036: 23 | G1036: 70 | H1036: =L1036*'114成績輸入與落點儀表板'!$B$2+M1036*'114成績輸入與落點儀表板'!$B$3+N1036*'114成績輸入與落點儀表板'!$B$4+O1036*'114成績輸入與落點儀表板'!$B$5+P1036*'114成績輸入與落點儀表板'!$B$6+Q1036*'114成績輸入與落點儀表板'!$B$7+R1036*'114成績輸入與落點儀表板'!$B$8+S1036*'114成績輸入與落點儀表板'!$B$9+T1036*'114成績輸入與落點儀表板'!$B$10+U1036*'114成績輸入與落點儀表板'!$B$11+V1036*'114成績輸入與落點儀表板'!$B$12+W1036*'114成績輸入與落點儀表板'!$B$13+X1036*'114成績輸入與落點儀表板'!$B$14+Y1036*'114成績輸入與落點儀表板'!$B$15+Z1036*'114成績輸入與落點儀表板'!$B$16 -> 0 | I1036: =IF(G1036="","",H1036-G1036) -> -70 | J1036: =IF(G1036="","無錄取資料",IF(I1036>=0,"PASS","FAIL")) -> FAIL | K1036: =IF(AND(IF('114成績輸入與落點儀表板'!$C$2="必須採計",L1036>0,IF('114成績輸入與落點儀表板'!$C$2="不可採計",L1036=0,TRUE)),IF('114成績輸入與落點儀表板'!$C$3="必須採計",M1036>0,IF('114成績輸入與落點儀表板'!$C$3="不可採計",M1036=0,TRUE)),IF('114成績輸入與落點儀表板'!$C$4="必須採計",N1036>0,IF('114成績輸入與落點儀表板'!$C$4="不可採計",N1036=0,TRUE)),IF('114成績輸入與落點儀表板'!$C$5="必須採計",O1036>0,IF('114成績輸入與落點儀表板'!$C$5="不可採計",O1036=0,TRUE)),IF('114成績輸入與落點儀表板'!$C$6="必須採計",P1036>0,IF('114成績輸入與落點儀表板'!$C$6="不可採計",P1036=0,TRUE)),IF('114成績輸入與落點儀表板'!$C$7="必須採計",Q1036>0,IF('114成績輸入與落點儀表板'!$C$7="不可採計",Q1036=0,TRUE)),IF('114成績輸入與落點儀表板'!$C$8="必須採計",R1036>0,IF('114成績輸入與落點儀表板'!$C$8="不可採計",R1036=0,TRUE)),IF('114成績輸入與落點儀表板'!$C$9="必須採計",S1036>0,IF('114成績輸入與落點儀表板'!$C$9="不可採計",S1036=0,TRUE)),IF('114成績輸入與落點儀表板'!$C$10="必須採計",T1036>0,IF('114成績輸入與落點儀表板'!$C$10="不可採計",T1036=0,TRUE)),IF('114成績輸入與落點儀表板'!$C$11="必須採計",U1036>0,IF('114成績輸入與落點儀表板'!$C$11="不可採計",U1036=0,TRUE)),IF('114成績輸入與落點儀表板'!$C$12="必須採計",V1036>0,IF('114成績輸入與落點儀表板'!$C$12="不可採計",V1036=0,TRUE)),IF('114成績輸入與落點儀表板'!$C$13="必須採計",W1036>0,IF('114成績輸入與落點儀表板'!$C$13="不可採計",W1036=0,TRUE)),IF('114成績輸入與落點儀表板'!$C$14="必須採計",X1036>0,IF('114成績輸入與落點儀表板'!$C$14="不可採計",X1036=0,TRUE)),IF('114成績輸入與落點儀表板'!$C$15="必須採計",Y1036>0,IF('114成績輸入與落點儀表板'!$C$15="不可採計",Y1036=0,TRUE)),IF('114成績輸入與落點儀表板'!$C$16="必須採計",Z1036>0,IF('114成績輸入與落點儀表板'!$C$16="不可採計",Z1036=0,TRUE))),"✅ 符合","❌ 不符合") -> ✅ 符合 | L1036: 1.25 | M1036: 2 | N1036: 0 | O1036: 0 | P1036: 0 | Q1036: 0 | R1036: 0 | S1036: 0 | T1036: 0 | U1036: 0 | V1036: 0 | W1036: 1 | X1036: 0 | Y1036: 0 | Z1036: 0
A1037: 2014 | B1037: 國立東華大學 | C1037: 臺灣文化學系 | D1037: 數理化學群 | E1037: 地x2.00 歷x2.00 國x1.50 英x1.00 | F1037: 0 | H1037: =L1037*'114成績輸入與落點儀表板'!$B$2+M1037*'114成績輸入與落點儀表板'!$B$3+N1037*'114成績輸入與落點儀表板'!$B$4+O1037*'114成績輸入與落點儀表板'!$B$5+P1037*'114成績輸入與落點儀表板'!$B$6+Q1037*'114成績輸入與落點儀表板'!$B$7+R1037*'114成績輸入與落點儀表板'!$B$8+S1037*'114成績輸入與落點儀表板'!$B$9+T1037*'114成績輸入與落點儀表板'!$B$10+U1037*'114成績輸入與落點儀表板'!$B$11+V1037*'114成績輸入與落點儀表板'!$B$12+W1037*'114成績輸入與落點儀表板'!$B$13+X1037*'114成績輸入與落點儀表板'!$B$14+Y1037*'114成績輸入與落點儀表板'!$B$15+Z1037*'114成績輸入與落點儀表板'!$B$16 -> 0 | I1037: =IF(G1037="","",H1037-G1037) | J1037: =IF(G1037="","無錄取資料",IF(I1037>=0,"PASS","FAIL")) -> 無錄取資料 | K1037: =IF(AND(IF('114成績輸入與落點儀表板'!$C$2="必須採計",L1037>0,IF('114成績輸入與落點儀表板'!$C$2="不可採計",L1037=0,TRUE)),IF('114成績輸入與落點儀表板'!$C$3="必須採計",M1037>0,IF('114成績輸入與落點儀表板'!$C$3="不可採計",M1037=0,TRUE)),IF('114成績輸入與落點儀表板'!$C$4="必須採計",N1037>0,IF('114成績輸入與落點儀表板'!$C$4="不可採計",N1037=0,TRUE)),IF('114成績輸入與落點儀表板'!$C$5="必須採計",O1037>0,IF('114成績輸入與落點儀表板'!$C$5="不可採計",O1037=0,TRUE)),IF('114成績輸入與落點儀表板'!$C$6="必須採計",P1037>0,IF('114成績輸入與落點儀表板'!$C$6="不可採計",P1037=0,TRUE)),IF('114成績輸入與落點儀表板'!$C$7="必須採計",Q1037>0,IF('114成績輸入與落點儀表板'!$C$7="不可採計",Q1037=0,TRUE)),IF('114成績輸入與落點儀表板'!$C$8="必須採計",R1037>0,IF('114成績輸入與落點儀表板'!$C$8="不可採計",R1037=0,TRUE)),IF('114成績輸入與落點儀表板'!$C$9="必須採計",S1037>0,IF('114成績輸入與落點儀表板'!$C$9="不可採計",S1037=0,TRUE)),IF('114成績輸入與落點儀表板'!$C$10="必須採計",T1037>0,IF('114成績輸入與落點儀表板'!$C$10="不可採計",T1037=0,TRUE)),IF('114成績輸入與落點儀表板'!$C$11="必須採計",U1037>0,IF('114成績輸入與落點儀表板'!$C$11="不可採計",U1037=0,TRUE)),IF('114成績輸入與落點儀表板'!$C$12="必須採計",V1037>0,IF('114成績輸入與落點儀表板'!$C$12="不可採計",V1037=0,TRUE)),IF('114成績輸入與落點儀表板'!$C$13="必須採計",W1037>0,IF('114成績輸入與落點儀表板'!$C$13="不可採計",W1037=0,TRUE)),IF('114成績輸入與落點儀表板'!$C$14="必須採計",X1037>0,IF('114成績輸入與落點儀表板'!$C$14="不可採計",X1037=0,TRUE)),IF('114成績輸入與落點儀表板'!$C$15="必須採計",Y1037>0,IF('114成績輸入與落點儀表板'!$C$15="不可採計",Y1037=0,TRUE)),IF('114成績輸入與落點儀表板'!$C$16="必須採計",Z1037>0,IF('114成績輸入與落點儀表板'!$C$16="不可採計",Z1037=0,TRUE))),"✅ 符合","❌ 不符合") -> ✅ 符合 | L1037: 1.5 | M1037: 1 | N1037: 0 | O1037: 0 | P1037: 0 | Q1037: 0 | R1037: 0 | S1037: 0 | T1037: 0 | U1037: 2 | V1037: 2 | W1037: 0 | X1037: 0 | Y1037: 0 | Z1037: 0
A1038: 2015 | B1038: 國立東華大學 | C1038: 歷史學系 | D1038: 文史哲學群 | E1038: 歷x2.00 公x2.00 社x1.00 | F1038: 21 | G1038: 177 | H1038: =L1038*'114成績輸入與落點儀表板'!$B$2+M1038*'114成績輸入與落點儀表板'!$B$3+N1038*'114成績輸入與落點儀表板'!$B$4+O1038*'114成績輸入與落點儀表板'!$B$5+P1038*'114成績輸入與落點儀表板'!$B$6+Q1038*'114成績輸入與落點儀表板'!$B$7+R1038*'114成績輸入與落點儀表板'!$B$8+S1038*'114成績輸入與落點儀表板'!$B$9+T1038*'114成績輸入與落點儀表板'!$B$10+U1038*'114成績輸入與落點儀表板'!$B$11+V1038*'114成績輸入與落點儀表板'!$B$12+W1038*'114成績輸入與落點儀表板'!$B$13+X1038*'114成績輸入與落點儀表板'!$B$14+Y1038*'114成績輸入與落點儀表板'!$B$15+Z1038*'114成績輸入與落點儀表板'!$B$16 -> 0 | I1038: =IF(G1038="","",H1038-G1038) -> -177 | J1038: =IF(G1038="","無錄取資料",IF(I1038>=0,"PASS","FAIL")) -> FAIL | K1038: =IF(AND(IF('114成績輸入與落點儀表板'!$C$2="必須採計",L1038>0,IF('114成績輸入與落點儀表板'!$C$2="不可採計",L1038=0,TRUE)),IF('114成績輸入與落點儀表板'!$C$3="必須採計",M1038>0,IF('114成績輸入與落點儀表板'!$C$3="不可採計",M1038=0,TRUE)),IF('114成績輸入與落點儀表板'!$C$4="必須採計",N1038>0,IF('114成績輸入與落點儀表板'!$C$4="不可採計",N1038=0,TRUE)),IF('114成績輸入與落點儀表板'!$C$5="必須採計",O1038>0,IF('114成績輸入與落點儀表板'!$C$5="不可採計",O1038=0,TRUE)),IF('114成績輸入與落點儀表板'!$C$6="必須採計",P1038>0,IF('114成績輸入與落點儀表板'!$C$6="不可採計",P1038=0,TRUE)),IF('114成績輸入與落點儀表板'!$C$7="必須採計",Q1038>0,IF('114成績輸入與落點儀表板'!$C$7="不可採計",Q1038=0,TRUE)),IF('114成績輸入與落點儀表板'!$C$8="必須採計",R1038>0,IF('114成績輸入與落點儀表板'!$C$8="不可採計",R1038=0,TRUE)),IF('114成績輸入與落點儀表板'!$C$9="必須採計",S1038>0,IF('114成績輸入與落點儀表板'!$C$9="不可採計",S1038=0,TRUE)),IF('114成績輸入與落點儀表板'!$C$10="必須採計",T1038>0,IF('114成績輸入與落點儀表板'!$C$10="不可採計",T1038=0,TRUE)),IF('114成績輸入與落點儀表板'!$C$11="必須採計",U1038>0,IF('114成績輸入與落點儀表板'!$C$11="不可採計",U1038=0,TRUE)),IF('114成績輸入與落點儀表板'!$C$12="必須採計",V1038>0,IF('114成績輸入與落點儀表板'!$C$12="不可採計",V1038=0,TRUE)),IF('114成績輸入與落點儀表板'!$C$13="必須採計",W1038>0,IF('114成績輸入與落點儀表板'!$C$13="不可採計",W1038=0,TRUE)),IF('114成績輸入與落點儀表板'!$C$14="必須採計",X1038>0,IF('114成績輸入與落點儀表板'!$C$14="不可採計",X1038=0,TRUE)),IF('114成績輸入與落點儀表板'!$C$15="必須採計",Y1038>0,IF('114成績輸入與落點儀表板'!$C$15="不可採計",Y1038=0,TRUE)),IF('114成績輸入與落點儀表板'!$C$16="必須採計",Z1038>0,IF('114成績輸入與落點儀表板'!$C$16="不可採計",Z1038=0,TRUE))),"✅ 符合","❌ 不符合") -> ❌ 不符合 | L1038: 0 | M1038: 0 | N1038: 0 | O1038: 0 | P1038: 0 | Q1038: 0 | R1038: 0 | S1038: 0 | T1038: 0 | U1038: 2 | V1038: 0 | W1038: 2 | X1038: 1 | Y1038: 0 | Z1038: 0
A1039: 2016 | B1039: 國立東華大學 | C1039: 經濟學系 | D1039: 財經管理學群 | E1039: 數Bx1.00 英x1.00 國x1.00 公x1.00 | F1039: 36 | G1039: 100 | H1039: =L1039*'114成績輸入與落點儀表板'!$B$2+M1039*'114成績輸入與落點儀表板'!$B$3+N1039*'114成績輸入與落點儀表板'!$B$4+O1039*'114成績輸入與落點儀表板'!$B$5+P1039*'114成績輸入與落點儀表板'!$B$6+Q1039*'114成績輸入與落點儀表板'!$B$7+R1039*'114成績輸入與落點儀表板'!$B$8+S1039*'114成績輸入與落點儀表板'!$B$9+T1039*'114成績輸入與落點儀表板'!$B$10+U1039*'114成績輸入與落點儀表板'!$B$11+V1039*'114成績輸入與落點儀表板'!$B$12+W1039*'114成績輸入與落點儀表板'!$B$13+X1039*'114成績輸入與落點儀表板'!$B$14+Y1039*'114成績輸入與落點儀表板'!$B$15+Z1039*'114成績輸入與落點儀表板'!$B$16 -> 0 | I1039: =IF(G1039="","",H1039-G1039) -> -100 | J1039: =IF(G1039="","無錄取資料",IF(I1039>=0,"PASS","FAIL")) -> FAIL | K1039: =IF(AND(IF('114成績輸入與落點儀表板'!$C$2="必須採計",L1039>0,IF('114成績輸入與落點儀表板'!$C$2="不可採計",L1039=0,TRUE)),IF('114成績輸入與落點儀表板'!$C$3="必須採計",M1039>0,IF('114成績輸入與落點儀表板'!$C$3="不可採計",M1039=0,TRUE)),IF('114成績輸入與落點儀表板'!$C$4="必須採計",N1039>0,IF('114成績輸入與落點儀表板'!$C$4="不可採計",N1039=0,TRUE)),IF('114成績輸入與落點儀表板'!$C$5="必須採計",O1039>0,IF('114成績輸入與落點儀表板'!$C$5="不可採計",O1039=0,TRUE)),IF('114成績輸入與落點儀表板'!$C$6="必須採計",P1039>0,IF('114成績輸入與落點儀表板'!$C$6="不可採計",P1039=0,TRUE)),IF('114成績輸入與落點儀表板'!$C$7="必須採計",Q1039>0,IF('114成績輸入與落點儀表板'!$C$7="不可採計",Q1039=0,TRUE)),IF('114成績輸入與落點儀表板'!$C$8="必須採計",R1039>0,IF('114成績輸入與落點儀表板'!$C$8="不可採計",R1039=0,TRUE)),IF('114成績輸入與落點儀表板'!$C$9="必須採計",S1039>0,IF('114成績輸入與落點儀表板'!$C$9="不可採計",S1039=0,TRUE)),IF('114成績輸入與落點儀表板'!$C$10="必須採計",T1039>0,IF('114成績輸入與落點儀表板'!$C$10="不可採計",T1039=0,TRUE)),IF('114成績輸入與落點儀表板'!$C$11="必須採計",U1039>0,IF('114成績輸入與落點儀表板'!$C$11="不可採計",U1039=0,TRUE)),IF('114成績輸入與落點儀表板'!$C$12="必須採計",V1039>0,IF('114成績輸入與落點儀表板'!$C$12="不可採計",V1039=0,TRUE)),IF('114成績輸入與落點儀表板'!$C$13="必須採計",W1039>0,IF('114成績輸入與落點儀表板'!$C$13="不可採計",W1039=0,TRUE)),IF('114成績輸入與落點儀表板'!$C$14="必須採計",X1039>0,IF('114成績輸入與落點儀表板'!$C$14="不可採計",X1039=0,TRUE)),IF('114成績輸入與落點儀表板'!$C$15="必須採計",Y1039>0,IF('114成績輸入與落點儀表板'!$C$15="不可採計",Y1039=0,TRUE)),IF('114成績輸入與落點儀表板'!$C$16="必須採計",Z1039>0,IF('114成績輸入與落點儀表板'!$C$16="不可採計",Z1039=0,TRUE))),"✅ 符合","❌ 不符合") -> ✅ 符合 | L1039: 1 | M1039: 1 | N1039: 0 | O1039: 0 | P1039: 0 | Q1039: 1 | R1039: 0 | S1039: 0 | T1039: 0 | U1039: 0 | V1039: 0 | W1039: 1 | X1039: 0 | Y1039: 0 | Z1039: 0
A1040: 2017 | B1040: 國立東華大學 | C1040: 諮商與臨床心理學系(自然組) | D1040: 社會與心理學群 | E1040: 英x1.50 數甲x1.50 國x1.00 | F1040: 22 | G1040: 127.5 | H1040: =L1040*'114成績輸入與落點儀表板'!$B$2+M1040*'114成績輸入與落點儀表板'!$B$3+N1040*'114成績輸入與落點儀表板'!$B$4+O1040*'114成績輸入與落點儀表板'!$B$5+P1040*'114成績輸入與落點儀表板'!$B$6+Q1040*'114成績輸入與落點儀表板'!$B$7+R1040*'114成績輸入與落點儀表板'!$B$8+S1040*'114成績輸入與落點儀表板'!$B$9+T1040*'114成績輸入與落點儀表板'!$B$10+U1040*'114成績輸入與落點儀表板'!$B$11+V1040*'114成績輸入與落點儀表板'!$B$12+W1040*'114成績輸入與落點儀表板'!$B$13+X1040*'114成績輸入與落點儀表板'!$B$14+Y1040*'114成績輸入與落點儀表板'!$B$15+Z1040*'114成績輸入與落點儀表板'!$B$16 -> 0 | I1040: =IF(G1040="","",H1040-G1040) -> -127.5 | J1040: =IF(G1040="","無錄取資料",IF(I1040>=0,"PASS","FAIL")) -> FAIL | K1040: =IF(AND(IF('114成績輸入與落點儀表板'!$C$2="必須採計",L1040>0,IF('114成績輸入與落點儀表板'!$C$2="不可採計",L1040=0,TRUE)),IF('114成績輸入與落點儀表板'!$C$3="必須採計",M1040>0,IF('114成績輸入與落點儀表板'!$C$3="不可採計",M1040=0,TRUE)),IF('114成績輸入與落點儀表板'!$C$4="必須採計",N1040>0,IF('114成績輸入與落點儀表板'!$C$4="不可採計",N1040=0,TRUE)),IF('114成績輸入與落點儀表板'!$C$5="必須採計",O1040>0,IF('114成績輸入與落點儀表板'!$C$5="不可採計",O1040=0,TRUE)),IF('114成績輸入與落點儀表板'!$C$6="必須採計",P1040>0,IF('114成績輸入與落點儀表板'!$C$6="不可採計",P1040=0,TRUE)),IF('114成績輸入與落點儀表板'!$C$7="必須採計",Q1040>0,IF('114成績輸入與落點儀表板'!$C$7="不可採計",Q1040=0,TRUE)),IF('114成績輸入與落點儀表板'!$C$8="必須採計",R1040>0,IF('114成績輸入與落點儀表板'!$C$8="不可採計",R1040=0,TRUE)),IF('114成績輸入與落點儀表板'!$C$9="必須採計",S1040>0,IF('114成績輸入與落點儀表板'!$C$9="不可採計",S1040=0,TRUE)),IF('114成績輸入與落點儀表板'!$C$10="必須採計",T1040>0,IF('114成績輸入與落點儀表板'!$C$10="不可採計",T1040=0,TRUE)),IF('114成績輸入與落點儀表板'!$C$11="必須採計",U1040>0,IF('114成績輸入與落點儀表板'!$C$11="不可採計",U1040=0,TRUE)),IF('114成績輸入與落點儀表板'!$C$12="必須採計",V1040>0,IF('114成績輸入與落點儀表板'!$C$12="不可採計",V1040=0,TRUE)),IF('114成績輸入與落點儀表板'!$C$13="必須採計",W1040>0,IF('114成績輸入與落點儀表板'!$C$13="不可採計",W1040=0,TRUE)),IF('114成績輸入與落點儀表板'!$C$14="必須採計",X1040>0,IF('114成績輸入與落點儀表板'!$C$14="不可採計",X1040=0,TRUE)),IF('114成績輸入與落點儀表板'!$C$15="必須採計",Y1040>0,IF('114成績輸入與落點儀表板'!$C$15="不可採計",Y1040=0,TRUE)),IF('114成績輸入與落點儀表板'!$C$16="必須採計",Z1040>0,IF('114成績輸入與落點儀表板'!$C$16="不可採計",Z1040=0,TRUE))),"✅ 符合","❌ 不符合") -> ✅ 符合 | L1040: 1 | M1040: 1.5 | N1040: 1.5 | O1040: 0 | P1040: 0 | Q1040: 0 | R1040: 0 | S1040: 0 | T1040: 0 | U1040: 0 | V1040: 0 | W1040: 0 | X1040: 0 | Y1040: 0 | Z1040: 0
A1041: 2020 | B1041: 國立東華大學 | C1041: 諮商與臨床心理學系(社會組) | D1041: 社會與心理學群 | E1041: 英x1.50 數Bx1.50 國x1.00 公x1.00 | F1041: 12 | G1041: 170 | H1041: =L1041*'114成績輸入與落點儀表板'!$B$2+M1041*'114成績輸入與落點儀表板'!$B$3+N1041*'114成績輸入與落點儀表板'!$B$4+O1041*'114成績輸入與落點儀表板'!$B$5+P1041*'114成績輸入與落點儀表板'!$B$6+Q1041*'114成績輸入與落點儀表板'!$B$7+R1041*'114成績輸入與落點儀表板'!$B$8+S1041*'114成績輸入與落點儀表板'!$B$9+T1041*'114成績輸入與落點儀表板'!$B$10+U1041*'114成績輸入與落點儀表板'!$B$11+V1041*'114成績輸入與落點儀表板'!$B$12+W1041*'114成績輸入與落點儀表板'!$B$13+X1041*'114成績輸入與落點儀表板'!$B$14+Y1041*'114成績輸入與落點儀表板'!$B$15+Z1041*'114成績輸入與落點儀表板'!$B$16 -> 0 | I1041: =IF(G1041="","",H1041-G1041) -> -170 | J1041: =IF(G1041="","無錄取資料",IF(I1041>=0,"PASS","FAIL")) -> FAIL | K1041: =IF(AND(IF('114成績輸入與落點儀表板'!$C$2="必須採計",L1041>0,IF('114成績輸入與落點儀表板'!$C$2="不可採計",L1041=0,TRUE)),IF('114成績輸入與落點儀表板'!$C$3="必須採計",M1041>0,IF('114成績輸入與落點儀表板'!$C$3="不可採計",M1041=0,TRUE)),IF('114成績輸入與落點儀表板'!$C$4="必須採計",N1041>0,IF('114成績輸入與落點儀表板'!$C$4="不可採計",N1041=0,TRUE)),IF('114成績輸入與落點儀表板'!$C$5="必須採計",O1041>0,IF('114成績輸入與落點儀表板'!$C$5="不可採計",O1041=0,TRUE)),IF('114成績輸入與落點儀表板'!$C$6="必須採計",P1041>0,IF('114成績輸入與落點儀表板'!$C$6="不可採計",P1041=0,TRUE)),IF('114成績輸入與落點儀表板'!$C$7="必須採計",Q1041>0,IF('114成績輸入與落點儀表板'!$C$7="不可採計",Q1041=0,TRUE)),IF('114成績輸入與落點儀表板'!$C$8="必須採計",R1041>0,IF('114成績輸入與落點儀表板'!$C$8="不可採計",R1041=0,TRUE)),IF('114成績輸入與落點儀表板'!$C$9="必須採計",S1041>0,IF('114成績輸入與落點儀表板'!$C$9="不可採計",S1041=0,TRUE)),IF('114成績輸入與落點儀表板'!$C$10="必須採計",T1041>0,IF('114成績輸入與落點儀表板'!$C$10="不可採計",T1041=0,TRUE)),IF('114成績輸入與落點儀表板'!$C$11="必須採計",U1041>0,IF('114成績輸入與落點儀表板'!$C$11="不可採計",U1041=0,TRUE)),IF('114成績輸入與落點儀表板'!$C$12="必須採計",V1041>0,IF('114成績輸入與落點儀表板'!$C$12="不可採計",V1041=0,TRUE)),IF('114成績輸入與落點儀表板'!$C$13="必須採計",W1041>0,IF('114成績輸入與落點儀表板'!$C$13="不可採計",W1041=0,TRUE)),IF('114成績輸入與落點儀表板'!$C$14="必須採計",X1041>0,IF('114成績輸入與落點儀表板'!$C$14="不可採計",X1041=0,TRUE)),IF('114成績輸入與落點儀表板'!$C$15="必須採計",Y1041>0,IF('114成績輸入與落點儀表板'!$C$15="不可採計",Y1041=0,TRUE)),IF('114成績輸入與落點儀表板'!$C$16="必須採計",Z1041>0,IF('114成績輸入與落點儀表板'!$C$16="不可採計",Z1041=0,TRUE))),"✅ 符合","❌ 不符合") -> ✅ 符合 | L1041: 1 | M1041: 1.5 | N1041: 0 | O1041: 0 | P1041: 0 | Q1041: 1.5 | R1041: 0 | S1041: 0 | T1041: 0 | U1041: 0 | V1041: 0 | W1041: 1 | X1041: 0 | Y1041: 0 | Z1041: 0
A1042: 2021 | B1042: 國立東華大學 | C1042: 社會學系 | D1042: 社會與心理學群 | E1042: 國x1.50 英x2.00 公x2.00 | F1042: 22 | G1042: 160.5 | H1042: =L1042*'114成績輸入與落點儀表板'!$B$2+M1042*'114成績輸入與落點儀表板'!$B$3+N1042*'114成績輸入與落點儀表板'!$B$4+O1042*'114成績輸入與落點儀表板'!$B$5+P1042*'114成績輸入與落點儀表板'!$B$6+Q1042*'114成績輸入與落點儀表板'!$B$7+R1042*'114成績輸入與落點儀表板'!$B$8+S1042*'114成績輸入與落點儀表板'!$B$9+T1042*'114成績輸入與落點儀表板'!$B$10+U1042*'114成績輸入與落點儀表板'!$B$11+V1042*'114成績輸入與落點儀表板'!$B$12+W1042*'114成績輸入與落點儀表板'!$B$13+X1042*'114成績輸入與落點儀表板'!$B$14+Y1042*'114成績輸入與落點儀表板'!$B$15+Z1042*'114成績輸入與落點儀表板'!$B$16 -> 0 | I1042: =IF(G1042="","",H1042-G1042) -> -160.5 | J1042: =IF(G1042="","無錄取資料",IF(I1042>=0,"PASS","FAIL")) -> FAIL | K1042: =IF(AND(IF('114成績輸入與落點儀表板'!$C$2="必須採計",L1042>0,IF('114成績輸入與落點儀表板'!$C$2="不可採計",L1042=0,TRUE)),IF('114成績輸入與落點儀表板'!$C$3="必須採計",M1042>0,IF('114成績輸入與落點儀表板'!$C$3="不可採計",M1042=0,TRUE)),IF('114成績輸入與落點儀表板'!$C$4="必須採計",N1042>0,IF('114成績輸入與落點儀表板'!$C$4="不可採計",N1042=0,TRUE)),IF('114成績輸入與落點儀表板'!$C$5="必須採計",O1042>0,IF('114成績輸入與落點儀表板'!$C$5="不可採計",O1042=0,TRUE)),IF('114成績輸入與落點儀表板'!$C$6="必須採計",P1042>0,IF('114成績輸入與落點儀表板'!$C$6="不可採計",P1042=0,TRUE)),IF('114成績輸入與落點儀表板'!$C$7="必須採計",Q1042>0,IF('114成績輸入與落點儀表板'!$C$7="不可採計",Q1042=0,TRUE)),IF('114成績輸入與落點儀表板'!$C$8="必須採計",R1042>0,IF('114成績輸入與落點儀表板'!$C$8="不可採計",R1042=0,TRUE)),IF('114成績輸入與落點儀表板'!$C$9="必須採計",S1042>0,IF('114成績輸入與落點儀表板'!$C$9="不可採計",S1042=0,TRUE)),IF('114成績輸入與落點儀表板'!$C$10="必須採計",T1042>0,IF('114成績輸入與落點儀表板'!$C$10="不可採計",T1042=0,TRUE)),IF('114成績輸入與落點儀表板'!$C$11="必須採計",U1042>0,IF('114成績輸入與落點儀表板'!$C$11="不可採計",U1042=0,TRUE)),IF('114成績輸入與落點儀表板'!$C$12="必須採計",V1042>0,IF('114成績輸入與落點儀表板'!$C$12="不可採計",V1042=0,TRUE)),IF('114成績輸入與落點儀表板'!$C$13="必須採計",W1042>0,IF('114成績輸入與落點儀表板'!$C$13="不可採計",W1042=0,TRUE)),IF('114成績輸入與落點儀表板'!$C$14="必須採計",X1042>0,IF('114成績輸入與落點儀表板'!$C$14="不可採計",X1042=0,TRUE)),IF('114成績輸入與落點儀表板'!$C$15="必須採計",Y1042>0,IF('114成績輸入與落點儀表板'!$C$15="不可採計",Y1042=0,TRUE)),IF('114成績輸入與落點儀表板'!$C$16="必須採計",Z1042>0,IF('114成績輸入與落點儀表板'!$C$16="不可採計",Z1042=0,TRUE))),"✅ 符合","❌ 不符合") -> ✅ 符合 | L1042: 1.5 | M1042: 2 | N1042: 0 | O1042: 0 | P1042: 0 | Q1042: 0 | R1042: 0 | S1042: 0 | T1042: 0 | U1042: 0 | V1042: 0 | W1042: 2 | X1042: 0 | Y1042: 0 | Z1042: 0
A1043: 2022 | B1043: 國立東華大學 | C1043: 公共行政學系 | D1043: 法政學群 | E1043: 國x2.00 公x2.00 英x1.50 | F1043: 15 | G1043: 201 | H1043: =L1043*'114成績輸入與落點儀表板'!$B$2+M1043*'114成績輸入與落點儀表板'!$B$3+N1043*'114成績輸入與落點儀表板'!$B$4+O1043*'114成績輸入與落點儀表板'!$B$5+P1043*'114成績輸入與落點儀表板'!$B$6+Q1043*'114成績輸入與落點儀表板'!$B$7+R1043*'114成績輸入與落點儀表板'!$B$8+S1043*'114成績輸入與落點儀表板'!$B$9+T1043*'114成績輸入與落點儀表板'!$B$10+U1043*'114成績輸入與落點儀表板'!$B$11+V1043*'114成績輸入與落點儀表板'!$B$12+W1043*'114成績輸入與落點儀表板'!$B$13+X1043*'114成績輸入與落點儀表板'!$B$14+Y1043*'114成績輸入與落點儀表板'!$B$15+Z1043*'114成績輸入與落點儀表板'!$B$16 -> 0 | I1043: =IF(G1043="","",H1043-G1043) -> -201 | J1043: =IF(G1043="","無錄取資料",IF(I1043>=0,"PASS","FAIL")) -> FAIL | K1043: =IF(AND(IF('114成績輸入與落點儀表板'!$C$2="必須採計",L1043>0,IF('114成績輸入與落點儀表板'!$C$2="不可採計",L1043=0,TRUE)),IF('114成績輸入與落點儀表板'!$C$3="必須採計",M1043>0,IF('114成績輸入與落點儀表板'!$C$3="不可採計",M1043=0,TRUE)),IF('114成績輸入與落點儀表板'!$C$4="必須採計",N1043>0,IF('114成績輸入與落點儀表板'!$C$4="不可採計",N1043=0,TRUE)),IF('114成績輸入與落點儀表板'!$C$5="必須採計",O1043>0,IF('114成績輸入與落點儀表板'!$C$5="不可採計",O1043=0,TRUE)),IF('114成績輸入與落點儀表板'!$C$6="必須採計",P1043>0,IF('114成績輸入與落點儀表板'!$C$6="不可採計",P1043=0,TRUE)),IF('114成績輸入與落點儀表板'!$C$7="必須採計",Q1043>0,IF('114成績輸入與落點儀表板'!$C$7="不可採計",Q1043=0,TRUE)),IF('114成績輸入與落點儀表板'!$C$8="必須採計",R1043>0,IF('114成績輸入與落點儀表板'!$C$8="不可採計",R1043=0,TRUE)),IF('114成績輸入與落點儀表板'!$C$9="必須採計",S1043>0,IF('114成績輸入與落點儀表板'!$C$9="不可採計",S1043=0,TRUE)),IF('114成績輸入與落點儀表板'!$C$10="必須採計",T1043>0,IF('114成績輸入與落點儀表板'!$C$10="不可採計",T1043=0,TRUE)),IF('114成績輸入與落點儀表板'!$C$11="必須採計",U1043>0,IF('114成績輸入與落點儀表板'!$C$11="不可採計",U1043=0,TRUE)),IF('114成績輸入與落點儀表板'!$C$12="必須採計",V1043>0,IF('114成績輸入與落點儀表板'!$C$12="不可採計",V1043=0,TRUE)),IF('114成績輸入與落點儀表板'!$C$13="必須採計",W1043>0,IF('114成績輸入與落點儀表板'!$C$13="不可採計",W1043=0,TRUE)),IF('114成績輸入與落點儀表板'!$C$14="必須採計",X1043>0,IF('114成績輸入與落點儀表板'!$C$14="不可採計",X1043=0,TRUE)),IF('114成績輸入與落點儀表板'!$C$15="必須採計",Y1043>0,IF('114成績輸入與落點儀表板'!$C$15="不可採計",Y1043=0,TRUE)),IF('114成績輸入與落點儀表板'!$C$16="必須採計",Z1043>0,IF('114成績輸入與落點儀表板'!$C$16="不可採計",Z1043=0,TRUE))),"✅ 符合","❌ 不符合") -> ✅ 符合 | L1043: 2 | M1043: 1.5 | N1043: 0 | O1043: 0 | P1043: 0 | Q1043: 0 | R1043: 0 | S1043: 0 | T1043: 0 | U1043: 0 | V1043: 0 | W1043: 2 | X1043: 0 | Y1043: 0 | Z1043: 0
A1044: 2023 | B1044: 國立東華大學 | C1044: 法律學系 | D1044: 法政學群 | E1044: 英x1.00 公x1.50 國x2.00 | F1044: 20 | G1044: 194.5 | H1044: =L1044*'114成績輸入與落點儀表板'!$B$2+M1044*'114成績輸入與落點儀表板'!$B$3+N1044*'114成績輸入與落點儀表板'!$B$4+O1044*'114成績輸入與落點儀表板'!$B$5+P1044*'114成績輸入與落點儀表板'!$B$6+Q1044*'114成績輸入與落點儀表板'!$B$7+R1044*'114成績輸入與落點儀表板'!$B$8+S1044*'114成績輸入與落點儀表板'!$B$9+T1044*'114成績輸入與落點儀表板'!$B$10+U1044*'114成績輸入與落點儀表板'!$B$11+V1044*'114成績輸入與落點儀表板'!$B$12+W1044*'114成績輸入與落點儀表板'!$B$13+X1044*'114成績輸入與落點儀表板'!$B$14+Y1044*'114成績輸入與落點儀表板'!$B$15+Z1044*'114成績輸入與落點儀表板'!$B$16 -> 0 | I1044: =IF(G1044="","",H1044-G1044) -> -194.5 | J1044: =IF(G1044="","無錄取資料",IF(I1044>=0,"PASS","FAIL")) -> FAIL | K1044: =IF(AND(IF('114成績輸入與落點儀表板'!$C$2="必須採計",L1044>0,IF('114成績輸入與落點儀表板'!$C$2="不可採計",L1044=0,TRUE)),IF('114成績輸入與落點儀表板'!$C$3="必須採計",M1044>0,IF('114成績輸入與落點儀表板'!$C$3="不可採計",M1044=0,TRUE)),IF('114成績輸入與落點儀表板'!$C$4="必須採計",N1044>0,IF('114成績輸入與落點儀表板'!$C$4="不可採計",N1044=0,TRUE)),IF('114成績輸入與落點儀表板'!$C$5="必須採計",O1044>0,IF('114成績輸入與落點儀表板'!$C$5="不可採計",O1044=0,TRUE)),IF('114成績輸入與落點儀表板'!$C$6="必須採計",P1044>0,IF('114成績輸入與落點儀表板'!$C$6="不可採計",P1044=0,TRUE)),IF('114成績輸入與落點儀表板'!$C$7="必須採計",Q1044>0,IF('114成績輸入與落點儀表板'!$C$7="不可採計",Q1044=0,TRUE)),IF('114成績輸入與落點儀表板'!$C$8="必須採計",R1044>0,IF('114成績輸入與落點儀表板'!$C$8="不可採計",R1044=0,TRUE)),IF('114成績輸入與落點儀表板'!$C$9="必須採計",S1044>0,IF('114成績輸入與落點儀表板'!$C$9="不可採計",S1044=0,TRUE)),IF('114成績輸入與落點儀表板'!$C$10="必須採計",T1044>0,IF('114成績輸入與落點儀表板'!$C$10="不可採計",T1044=0,TRUE)),IF('114成績輸入與落點儀表板'!$C$11="必須採計",U1044>0,IF('114成績輸入與落點儀表板'!$C$11="不可採計",U1044=0,TRUE)),IF('114成績輸入與落點儀表板'!$C$12="必須採計",V1044>0,IF('114成績輸入與落點儀表板'!$C$12="不可採計",V1044=0,TRUE)),IF('114成績輸入與落點儀表板'!$C$13="必須採計",W1044>0,IF('114成績輸入與落點儀表板'!$C$13="不可採計",W1044=0,TRUE)),IF('114成績輸入與落點儀表板'!$C$14="必須採計",X1044>0,IF('114成績輸入與落點儀表板'!$C$14="不可採計",X1044=0,TRUE)),IF('114成績輸入與落點儀表板'!$C$15="必須採計",Y1044>0,IF('114成績輸入與落點儀表板'!$C$15="不可採計",Y1044=0,TRUE)),IF('114成績輸入與落點儀表板'!$C$16="必須採計",Z1044>0,IF('114成績輸入與落點儀表板'!$C$16="不可採計",Z1044=0,TRUE))),"✅ 符合","❌ 不符合") -> ✅ 符合 | L1044: 2 | M1044: 1 | N1044: 0 | O1044: 0 | P1044: 0 | Q1044: 0 | R1044: 0 | S1044: 0 | T1044: 0 | U1044: 0 | V1044: 0 | W1044: 1.5 | X1044: 0 | Y1044: 0 | Z1044: 0
A1045: 2024 | B1045: 國立東華大學 | C1045: 體育與運動科學系 | D1045: 藝術與體育學群 | E1045: 國x1.00 數Bx1.00 英x1.00 生x1.00 | F1045: 6 | G1045: 106 | H1045: =L1045*'114成績輸入與落點儀表板'!$B$2+M1045*'114成績輸入與落點儀表板'!$B$3+N1045*'114成績輸入與落點儀表板'!$B$4+O1045*'114成績輸入與落點儀表板'!$B$5+P1045*'114成績輸入與落點儀表板'!$B$6+Q1045*'114成績輸入與落點儀表板'!$B$7+R1045*'114成績輸入與落點儀表板'!$B$8+S1045*'114成績輸入與落點儀表板'!$B$9+T1045*'114成績輸入與落點儀表板'!$B$10+U1045*'114成績輸入與落點儀表板'!$B$11+V1045*'114成績輸入與落點儀表板'!$B$12+W1045*'114成績輸入與落點儀表板'!$B$13+X1045*'114成績輸入與落點儀表板'!$B$14+Y1045*'114成績輸入與落點儀表板'!$B$15+Z1045*'114成績輸入與落點儀表板'!$B$16 -> 0 | I1045: =IF(G1045="","",H1045-G1045) -> -106 | J1045: =IF(G1045="","無錄取資料",IF(I1045>=0,"PASS","FAIL")) -> FAIL | K1045: =IF(AND(IF('114成績輸入與落點儀表板'!$C$2="必須採計",L1045>0,IF('114成績輸入與落點儀表板'!$C$2="不可採計",L1045=0,TRUE)),IF('114成績輸入與落點儀表板'!$C$3="必須採計",M1045>0,IF('114成績輸入與落點儀表板'!$C$3="不可採計",M1045=0,TRUE)),IF('114成績輸入與落點儀表板'!$C$4="必須採計",N1045>0,IF('114成績輸入與落點儀表板'!$C$4="不可採計",N1045=0,TRUE)),IF('114成績輸入與落點儀表板'!$C$5="必須採計",O1045>0,IF('114成績輸入與落點儀表板'!$C$5="不可採計",O1045=0,TRUE)),IF('114成績輸入與落點儀表板'!$C$6="必須採計",P1045>0,IF('114成績輸入與落點儀表板'!$C$6="不可採計",P1045=0,TRUE)),IF('114成績輸入與落點儀表板'!$C$7="必須採計",Q1045>0,IF('114成績輸入與落點儀表板'!$C$7="不可採計",Q1045=0,TRUE)),IF('114成績輸入與落點儀表板'!$C$8="必須採計",R1045>0,IF('114成績輸入與落點儀表板'!$C$8="不可採計",R1045=0,TRUE)),IF('114成績輸入與落點儀表板'!$C$9="必須採計",S1045>0,IF('114成績輸入與落點儀表板'!$C$9="不可採計",S1045=0,TRUE)),IF('114成績輸入與落點儀表板'!$C$10="必須採計",T1045>0,IF('114成績輸入與落點儀表板'!$C$10="不可採計",T1045=0,TRUE)),IF('114成績輸入與落點儀表板'!$C$11="必須採計",U1045>0,IF('114成績輸入與落點儀表板'!$C$11="不可採計",U1045=0,TRUE)),IF('114成績輸入與落點儀表板'!$C$12="必須採計",V1045>0,IF('114成績輸入與落點儀表板'!$C$12="不可採計",V1045=0,TRUE)),IF('114成績輸入與落點儀表板'!$C$13="必須採計",W1045>0,IF('114成績輸入與落點儀表板'!$C$13="不可採計",W1045=0,TRUE)),IF('114成績輸入與落點儀表板'!$C$14="必須採計",X1045>0,IF('114成績輸入與落點儀表板'!$C$14="不可採計",X1045=0,TRUE)),IF('114成績輸入與落點儀表板'!$C$15="必須採計",Y1045>0,IF('114成績輸入與落點儀表板'!$C$15="不可採計",Y1045=0,TRUE)),IF('114成績輸入與落點儀表板'!$C$16="必須採計",Z1045>0,IF('114成績輸入與落點儀表板'!$C$16="不可採計",Z1045=0,TRUE))),"✅ 符合","❌ 不符合") -> ✅ 符合 | L1045: 1 | M1045: 1 | N1045: 0 | O1045: 0 | P1045: 0 | Q1045: 1 | R1045: 0 | S1045: 0 | T1045: 1 | U1045: 0 | V1045: 0 | W1045: 0 | X1045: 0 | Y1045: 0 | Z1045: 0
A1046: 2025 | B1046: 國立東華大學 | C1046: 教育與潛能開發學系 | D1046: 教育學群 | E1046: 國x2.00 公x1.00 數Bx1.00 | F1046: 14 | G1046: 75 | H1046: =L1046*'114成績輸入與落點儀表板'!$B$2+M1046*'114成績輸入與落點儀表板'!$B$3+N1046*'114成績輸入與落點儀表板'!$B$4+O1046*'114成績輸入與落點儀表板'!$B$5+P1046*'114成績輸入與落點儀表板'!$B$6+Q1046*'114成績輸入與落點儀表板'!$B$7+R1046*'114成績輸入與落點儀表板'!$B$8+S1046*'114成績輸入與落點儀表板'!$B$9+T1046*'114成績輸入與落點儀表板'!$B$10+U1046*'114成績輸入與落點儀表板'!$B$11+V1046*'114成績輸入與落點儀表板'!$B$12+W1046*'114成績輸入與落點儀表板'!$B$13+X1046*'114成績輸入與落點儀表板'!$B$14+Y1046*'114成績輸入與落點儀表板'!$B$15+Z1046*'114成績輸入與落點儀表板'!$B$16 -> 0 | I1046: =IF(G1046="","",H1046-G1046) -> -75 | J1046: =IF(G1046="","無錄取資料",IF(I1046>=0,"PASS","FAIL")) -> FAIL | K1046: =IF(AND(IF('114成績輸入與落點儀表板'!$C$2="必須採計",L1046>0,IF('114成績輸入與落點儀表板'!$C$2="不可採計",L1046=0,TRUE)),IF('114成績輸入與落點儀表板'!$C$3="必須採計",M1046>0,IF('114成績輸入與落點儀表板'!$C$3="不可採計",M1046=0,TRUE)),IF('114成績輸入與落點儀表板'!$C$4="必須採計",N1046>0,IF('114成績輸入與落點儀表板'!$C$4="不可採計",N1046=0,TRUE)),IF('114成績輸入與落點儀表板'!$C$5="必須採計",O1046>0,IF('114成績輸入與落點儀表板'!$C$5="不可採計",O1046=0,TRUE)),IF('114成績輸入與落點儀表板'!$C$6="必須採計",P1046>0,IF('114成績輸入與落點儀表板'!$C$6="不可採計",P1046=0,TRUE)),IF('114成績輸入與落點儀表板'!$C$7="必須採計",Q1046>0,IF('114成績輸入與落點儀表板'!$C$7="不可採計",Q1046=0,TRUE)),IF('114成績輸入與落點儀表板'!$C$8="必須採計",R1046>0,IF('114成績輸入與落點儀表板'!$C$8="不可採計",R1046=0,TRUE)),IF('114成績輸入與落點儀表板'!$C$9="必須採計",S1046>0,IF('114成績輸入與落點儀表板'!$C$9="不可採計",S1046=0,TRUE)),IF('114成績輸入與落點儀表板'!$C$10="必須採計",T1046>0,IF('114成績輸入與落點儀表板'!$C$10="不可採計",T1046=0,TRUE)),IF('114成績輸入與落點儀表板'!$C$11="必須採計",U1046>0,IF('114成績輸入與落點儀表板'!$C$11="不可採計",U1046=0,TRUE)),IF('114成績輸入與落點儀表板'!$C$12="必須採計",V1046>0,IF('114成績輸入與落點儀表板'!$C$12="不可採計",V1046=0,TRUE)),IF('114成績輸入與落點儀表板'!$C$13="必須採計",W1046>0,IF('114成績輸入與落點儀表板'!$C$13="不可採計",W1046=0,TRUE)),IF('114成績輸入與落點儀表板'!$C$14="必須採計",X1046>0,IF('114成績輸入與落點儀表板'!$C$14="不可採計",X1046=0,TRUE)),IF('114成績輸入與落點儀表板'!$C$15="必須採計",Y1046>0,IF('114成績輸入與落點儀表板'!$C$15="不可採計",Y1046=0,TRUE)),IF('114成績輸入與落點儀表板'!$C$16="必須採計",Z1046>0,IF('114成績輸入與落點儀表板'!$C$16="不可採計",Z1046=0,TRUE))),"✅ 符合","❌ 不符合") -> ✅ 符合 | L1046: 2 | M1046: 0 | N1046: 0 | O1046: 0 | P1046: 0 | Q1046: 1 | R1046: 0 | S1046: 0 | T1046: 0 | U1046: 0 | V1046: 0 | W1046: 1 | X1046: 0 | Y1046: 0 | Z1046: 0
A1047: 2026 | B1047: 國立東華大學 | C1047: 教育行政與管理學系 | D1047: 財經管理學群 | E1047: 國x2.00 英x2.00 數Bx1.50 公x1.00 歷x1.00 | F1047: 15 | G1047: 116 | H1047: =L1047*'114成績輸入與落點儀表板'!$B$2+M1047*'114成績輸入與落點儀表板'!$B$3+N1047*'114成績輸入與落點儀表板'!$B$4+O1047*'114成績輸入與落點儀表板'!$B$5+P1047*'114成績輸入與落點儀表板'!$B$6+Q1047*'114成績輸入與落點儀表板'!$B$7+R1047*'114成績輸入與落點儀表板'!$B$8+S1047*'114成績輸入與落點儀表板'!$B$9+T1047*'114成績輸入與落點儀表板'!$B$10+U1047*'114成績輸入與落點儀表板'!$B$11+V1047*'114成績輸入與落點儀表板'!$B$12+W1047*'114成績輸入與落點儀表板'!$B$13+X1047*'114成績輸入與落點儀表板'!$B$14+Y1047*'114成績輸入與落點儀表板'!$B$15+Z1047*'114成績輸入與落點儀表板'!$B$16 -> 0 | I1047: =IF(G1047="","",H1047-G1047) -> -116 | J1047: =IF(G1047="","無錄取資料",IF(I1047>=0,"PASS","FAIL")) -> FAIL | K1047: =IF(AND(IF('114成績輸入與落點儀表板'!$C$2="必須採計",L1047>0,IF('114成績輸入與落點儀表板'!$C$2="不可採計",L1047=0,TRUE)),IF('114成績輸入與落點儀表板'!$C$3="必須採計",M1047>0,IF('114成績輸入與落點儀表板'!$C$3="不可採計",M1047=0,TRUE)),IF('114成績輸入與落點儀表板'!$C$4="必須採計",N1047>0,IF('114成績輸入與落點儀表板'!$C$4="不可採計",N1047=0,TRUE)),IF('114成績輸入與落點儀表板'!$C$5="必須採計",O1047>0,IF('114成績輸入與落點儀表板'!$C$5="不可採計",O1047=0,TRUE)),IF('114成績輸入與落點儀表板'!$C$6="必須採計",P1047>0,IF('114成績輸入與落點儀表板'!$C$6="不可採計",P1047=0,TRUE)),IF('114成績輸入與落點儀表板'!$C$7="必須採計",Q1047>0,IF('114成績輸入與落點儀表板'!$C$7="不可採計",Q1047=0,TRUE)),IF('114成績輸入與落點儀表板'!$C$8="必須採計",R1047>0,IF('114成績輸入與落點儀表板'!$C$8="不可採計",R1047=0,TRUE)),IF('114成績輸入與落點儀表板'!$C$9="必須採計",S1047>0,IF('114成績輸入與落點儀表板'!$C$9="不可採計",S1047=0,TRUE)),IF('114成績輸入與落點儀表板'!$C$10="必須採計",T1047>0,IF('114成績輸入與落點儀表板'!$C$10="不可採計",T1047=0,TRUE)),IF('114成績輸入與落點儀表板'!$C$11="必須採計",U1047>0,IF('114成績輸入與落點儀表板'!$C$11="不可採計",U1047=0,TRUE)),IF('114成績輸入與落點儀表板'!$C$12="必須採計",V1047>0,IF('114成績輸入與落點儀表板'!$C$12="不可採計",V1047=0,TRUE)),IF('114成績輸入與落點儀表板'!$C$13="必須採計",W1047>0,IF('114成績輸入與落點儀表板'!$C$13="不可採計",W1047=0,TRUE)),IF('114成績輸入與落點儀表板'!$C$14="必須採計",X1047>0,IF('114成績輸入與落點儀表板'!$C$14="不可採計",X1047=0,TRUE)),IF('114成績輸入與落點儀表板'!$C$15="必須採計",Y1047>0,IF('114成績輸入與落點儀表板'!$C$15="不可採計",Y1047=0,TRUE)),IF('114成績輸入與落點儀表板'!$C$16="必須採計",Z1047>0,IF('114成績輸入與落點儀表板'!$C$16="不可採計",Z1047=0,TRUE))),"✅ 符合","❌ 不符合") -> ✅ 符合 | L1047: 2 | M1047: 2 | N1047: 0 | O1047: 0 | P1047: 0 | Q1047: 1.5 | R1047: 0 | S1047: 0 | T1047: 0 | U1047: 1 | V1047: 0 | W1047: 1 | X1047: 0 | Y1047: 0 | Z1047: 0
A1048: 2027 | B1048: 國立東華大學 | C1048: 特殊教育學系 | D1048: 教育學群 | E1048: 公x2.00 歷x1.00 國x1.00 | F1048: 15 | G1048: 128 | H1048: =L1048*'114成績輸入與落點儀表板'!$B$2+M1048*'114成績輸入與落點儀表板'!$B$3+N1048*'114成績輸入與落點儀表板'!$B$4+O1048*'114成績輸入與落點儀表板'!$B$5+P1048*'114成績輸入與落點儀表板'!$B$6+Q1048*'114成績輸入與落點儀表板'!$B$7+R1048*'114成績輸入與落點儀表板'!$B$8+S1048*'114成績輸入與落點儀表板'!$B$9+T1048*'114成績輸入與落點儀表板'!$B$10+U1048*'114成績輸入與落點儀表板'!$B$11+V1048*'114成績輸入與落點儀表板'!$B$12+W1048*'114成績輸入與落點儀表板'!$B$13+X1048*'114成績輸入與落點儀表板'!$B$14+Y1048*'114成績輸入與落點儀表板'!$B$15+Z1048*'114成績輸入與落點儀表板'!$B$16 -> 0 | I1048: =IF(G1048="","",H1048-G1048) -> -128 | J1048: =IF(G1048="","無錄取資料",IF(I1048>=0,"PASS","FAIL")) -> FAIL | K1048: =IF(AND(IF('114成績輸入與落點儀表板'!$C$2="必須採計",L1048>0,IF('114成績輸入與落點儀表板'!$C$2="不可採計",L1048=0,TRUE)),IF('114成績輸入與落點儀表板'!$C$3="必須採計",M1048>0,IF('114成績輸入與落點儀表板'!$C$3="不可採計",M1048=0,TRUE)),IF('114成績輸入與落點儀表板'!$C$4="必須採計",N1048>0,IF('114成績輸入與落點儀表板'!$C$4="不可採計",N1048=0,TRUE)),IF('114成績輸入與落點儀表板'!$C$5="必須採計",O1048>0,IF('114成績輸入與落點儀表板'!$C$5="不可採計",O1048=0,TRUE)),IF('114成績輸入與落點儀表板'!$C$6="必須採計",P1048>0,IF('114成績輸入與落點儀表板'!$C$6="不可採計",P1048=0,TRUE)),IF('114成績輸入與落點儀表板'!$C$7="必須採計",Q1048>0,IF('114成績輸入與落點儀表板'!$C$7="不可採計",Q1048=0,TRUE)),IF('114成績輸入與落點儀表板'!$C$8="必須採計",R1048>0,IF('114成績輸入與落點儀表板'!$C$8="不可採計",R1048=0,TRUE)),IF('114成績輸入與落點儀表板'!$C$9="必須採計",S1048>0,IF('114成績輸入與落點儀表板'!$C$9="不可採計",S1048=0,TRUE)),IF('114成績輸入與落點儀表板'!$C$10="必須採計",T1048>0,IF('114成績輸入與落點儀表板'!$C$10="不可採計",T1048=0,TRUE)),IF('114成績輸入與落點儀表板'!$C$11="必須採計",U1048>0,IF('114成績輸入與落點儀表板'!$C$11="不可採計",U1048=0,TRUE)),IF('114成績輸入與落點儀表板'!$C$12="必須採計",V1048>0,IF('114成績輸入與落點儀表板'!$C$12="不可採計",V1048=0,TRUE)),IF('114成績輸入與落點儀表板'!$C$13="必須採計",W1048>0,IF('114成績輸入與落點儀表板'!$C$13="不可採計",W1048=0,TRUE)),IF('114成績輸入與落點儀表板'!$C$14="必須採計",X1048>0,IF('114成績輸入與落點儀表板'!$C$14="不可採計",X1048=0,TRUE)),IF('114成績輸入與落點儀表板'!$C$15="必須採計",Y1048>0,IF('114成績輸入與落點儀表板'!$C$15="不可採計",Y1048=0,TRUE)),IF('114成績輸入與落點儀表板'!$C$16="必須採計",Z1048>0,IF('114成績輸入與落點儀表板'!$C$16="不可採計",Z1048=0,TRUE))),"✅ 符合","❌ 不符合") -> ✅ 符合 | L1048: 1 | M1048: 0 | N1048: 0 | O1048: 0 | P1048: 0 | Q1048: 0 | R1048: 0 | S1048: 0 | T1048: 0 | U1048: 1 | V1048: 0 | W1048: 2 | X1048: 0 | Y1048: 0 | Z1048: 0
A1049: 2030 | B1049: 國立東華大學 | C1049: 幼兒教育學系 | D1049: 教育學群 | E1049: 國x2.00 公x1.75 歷x1.75 | F1049: 13 | G1049: 193.5 | H1049: =L1049*'114成績輸入與落點儀表板'!$B$2+M1049*'114成績輸入與落點儀表板'!$B$3+N1049*'114成績輸入與落點儀表板'!$B$4+O1049*'114成績輸入與落點儀表板'!$B$5+P1049*'114成績輸入與落點儀表板'!$B$6+Q1049*'114成績輸入與落點儀表板'!$B$7+R1049*'114成績輸入與落點儀表板'!$B$8+S1049*'114成績輸入與落點儀表板'!$B$9+T1049*'114成績輸入與落點儀表板'!$B$10+U1049*'114成績輸入與落點儀表板'!$B$11+V1049*'114成績輸入與落點儀表板'!$B$12+W1049*'114成績輸入與落點儀表板'!$B$13+X1049*'114成績輸入與落點儀表板'!$B$14+Y1049*'114成績輸入與落點儀表板'!$B$15+Z1049*'114成績輸入與落點儀表板'!$B$16 -> 0 | I1049: =IF(G1049="","",H1049-G1049) -> -193.5 | J1049: =IF(G1049="","無錄取資料",IF(I1049>=0,"PASS","FAIL")) -> FAIL | K1049: =IF(AND(IF('114成績輸入與落點儀表板'!$C$2="必須採計",L1049>0,IF('114成績輸入與落點儀表板'!$C$2="不可採計",L1049=0,TRUE)),IF('114成績輸入與落點儀表板'!$C$3="必須採計",M1049>0,IF('114成績輸入與落點儀表板'!$C$3="不可採計",M1049=0,TRUE)),IF('114成績輸入與落點儀表板'!$C$4="必須採計",N1049>0,IF('114成績輸入與落點儀表板'!$C$4="不可採計",N1049=0,TRUE)),IF('114成績輸入與落點儀表板'!$C$5="必須採計",O1049>0,IF('114成績輸入與落點儀表板'!$C$5="不可採計",O1049=0,TRUE)),IF('114成績輸入與落點儀表板'!$C$6="必須採計",P1049>0,IF('114成績輸入與落點儀表板'!$C$6="不可採計",P1049=0,TRUE)),IF('114成績輸入與落點儀表板'!$C$7="必須採計",Q1049>0,IF('114成績輸入與落點儀表板'!$C$7="不可採計",Q1049=0,TRUE)),IF('114成績輸入與落點儀表板'!$C$8="必須採計",R1049>0,IF('114成績輸入與落點儀表板'!$C$8="不可採計",R1049=0,TRUE)),IF('114成績輸入與落點儀表板'!$C$9="必須採計",S1049>0,IF('114成績輸入與落點儀表板'!$C$9="不可採計",S1049=0,TRUE)),IF('114成績輸入與落點儀表板'!$C$10="必須採計",T1049>0,IF('114成績輸入與落點儀表板'!$C$10="不可採計",T1049=0,TRUE)),IF('114成績輸入與落點儀表板'!$C$11="必須採計",U1049>0,IF('114成績輸入與落點儀表板'!$C$11="不可採計",U1049=0,TRUE)),IF('114成績輸入與落點儀表板'!$C$12="必須採計",V1049>0,IF('114成績輸入與落點儀表板'!$C$12="不可採計",V1049=0,TRUE)),IF('114成績輸入與落點儀表板'!$C$13="必須採計",W1049>0,IF('114成績輸入與落點儀表板'!$C$13="不可採計",W1049=0,TRUE)),IF('114成績輸入與落點儀表板'!$C$14="必須採計",X1049>0,IF('114成績輸入與落點儀表板'!$C$14="不可採計",X1049=0,TRUE)),IF('114成績輸入與落點儀表板'!$C$15="必須採計",Y1049>0,IF('114成績輸入與落點儀表板'!$C$15="不可採計",Y1049=0,TRUE)),IF('114成績輸入與落點儀表板'!$C$16="必須採計",Z1049>0,IF('114成績輸入與落點儀表板'!$C$16="不可採計",Z1049=0,TRUE))),"✅ 符合","❌ 不符合") -> ✅ 符合 | L1049: 2 | M1049: 0 | N1049: 0 | O1049: 0 | P1049: 0 | Q1049: 0 | R1049: 0 | S1049: 0 | T1049: 0 | U1049: 1.75 | V1049: 0 | W1049: 1.75 | X1049: 0 | Y1049: 0 | Z1049: 0
... A1053: 2034 | B1053: 國立東華大學 | C1053: 民族發展與社會工作學系社會工作組 | D1053: 社會與心理學群 | E1053: 公x2.00 社x1.50 國x1.00 | F1053: 7 | G1053: 150 | H1053: =L1053*'114成績輸入與落點儀表板'!$B$2+M1053*'114成績輸入與落點儀表板'!$B$3+N1053*'114成績輸入與落點儀表板'!$B$4+O1053*'114成績輸入與落點儀表板'!$B$5+P1053*'114成績輸入與落點儀表板'!$B$6+Q1053*'114成績輸入與落點儀表板'!$B$7+R1053*'114成績輸入與落點儀表板'!$B$8+S1053*'114成績輸入與落點儀表板'!$B$9+T1053*'114成績輸入與落點儀表板'!$B$10+U1053*'114成績輸入與落點儀表板'!$B$11+V1053*'114成績輸入與落點儀表板'!$B$12+W1053*'114成績輸入與落點儀表板'!$B$13+X1053*'114成績輸入與落點儀表板'!$B$14+Y1053*'114成績輸入與落點儀表板'!$B$15+Z1053*'114成績輸入與落點儀表板'!$B$16 -> 0 | I1053: =IF(G1053="","",H1053-G1053) -> -150 | J1053: =IF(G1053="","無錄取資料",IF(I1053>=0,"PASS","FAIL")) -> FAIL | K1053: =IF(AND(IF('114成績輸入與落點儀表板'!$C$2="必須採計",L1053>0,IF('114成績輸入與落點儀表板'!$C$2="不可採計",L1053=0,TRUE)),IF('114成績輸入與落點儀表板'!$C$3="必須採計",M1053>0,IF('114成績輸入與落點儀表板'!$C$3="不可採計",M1053=0,TRUE)),IF('114成績輸入與落點儀表板'!$C$4="必須採計",N1053>0,IF('114成績輸入與落點儀表板'!$C$4="不可採計",N1053=0,TRUE)),IF('114成績輸入與落點儀表板'!$C$5="必須採計",O1053>0,IF('114成績輸入與落點儀表板'!$C$5="不可採計",O1053=0,TRUE)),IF('114成績輸入與落點儀表板'!$C$6="必須採計",P1053>0,IF('114成績輸入與落點儀表板'!$C$6="不可採計",P1053=0,TRUE)),IF('114成績輸入與落點儀表板'!$C$7="必須採計",Q1053>0,IF('114成績輸入與落點儀表板'!$C$7="不可採計",Q1053=0,TRUE)),IF('114成績輸入與落點儀表板'!$C$8="必須採計",R1053>0,IF('114成績輸入與落點儀表板'!$C$8="不可採計",R1053=0,TRUE)),IF('114成績輸入與落點儀表板'!$C$9="必須採計",S1053>0,IF('114成績輸入與落點儀表板'!$C$9="不可採計",S1053=0,TRUE)),IF('114成績輸入與落點儀表板'!$C$10="必須採計",T1053>0,IF('114成績輸入與落點儀表板'!$C$10="不可採計",T1053=0,TRUE)),IF('114成績輸入與落點儀表板'!$C$11="必須採計",U1053>0,IF('114成績輸入與落點儀表板'!$C$11="不可採計",U1053=0,TRUE)),IF('114成績輸入與落點儀表板'!$C$12="必須採計",V1053>0,IF('114成績輸入與落點儀表板'!$C$12="不可採計",V1053=0,TRUE)),IF('114成績輸入與落點儀表板'!$C$13="必須採計",W1053>0,IF('114成績輸入與落點儀表板'!$C$13="不可採計",W1053=0,TRUE)),IF('114成績輸入與落點儀表板'!$C$14="必須採計",X1053>0,IF('114成績輸入與落點儀表板'!$C$14="不可採計",X1053=0,TRUE)),IF('114成績輸入與落點儀表板'!$C$15="必須採計",Y1053>0,IF('114成績輸入與落點儀表板'!$C$15="不可採計",Y1053=0,TRUE)),IF('114成績輸入與落點儀表板'!$C$16="必須採計",Z1053>0,IF('114成績輸入與落點儀表板'!$C$16="不可採計",Z1053=0,TRUE))),"✅ 符合","❌ 不符合") -> ✅ 符合 | L1053: 1 | M1053: 0 | N1053: 0 | O1053: 0 | P1053: 0 | Q1053: 0 | R1053: 0 | S1053: 0 | T1053: 0 | U1053: 0 | V1053: 0 | W1053: 2 | X1053: 1.5 | Y1053: 0 | Z1053: 0
A1054: 2035 | B1054: 國立東華大學 | C1054: 原住民族樂舞與藝術學士學位學程 | D1054: 藝術與體育學群 | E1054: 國x2.00 公x2.00 歷x1.00 | F1054: 0 | H1054: =L1054*'114成績輸入與落點儀表板'!$B$2+M1054*'114成績輸入與落點儀表板'!$B$3+N1054*'114成績輸入與落點儀表板'!$B$4+O1054*'114成績輸入與落點儀表板'!$B$5+P1054*'114成績輸入與落點儀表板'!$B$6+Q1054*'114成績輸入與落點儀表板'!$B$7+R1054*'114成績輸入與落點儀表板'!$B$8+S1054*'114成績輸入與落點儀表板'!$B$9+T1054*'114成績輸入與落點儀表板'!$B$10+U1054*'114成績輸入與落點儀表板'!$B$11+V1054*'114成績輸入與落點儀表板'!$B$12+W1054*'114成績輸入與落點儀表板'!$B$13+X1054*'114成績輸入與落點儀表板'!$B$14+Y1054*'114成績輸入與落點儀表板'!$B$15+Z1054*'114成績輸入與落點儀表板'!$B$16 -> 0 | I1054: =IF(G1054="","",H1054-G1054) | J1054: =IF(G1054="","無錄取資料",IF(I1054>=0,"PASS","FAIL")) -> 無錄取資料 | K1054: =IF(AND(IF('114成績輸入與落點儀表板'!$C$2="必須採計",L1054>0,IF('114成績輸入與落點儀表板'!$C$2="不可採計",L1054=0,TRUE)),IF('114成績輸入與落點儀表板'!$C$3="必須採計",M1054>0,IF('114成績輸入與落點儀表板'!$C$3="不可採計",M1054=0,TRUE)),IF('114成績輸入與落點儀表板'!$C$4="必須採計",N1054>0,IF('114成績輸入與落點儀表板'!$C$4="不可採計",N1054=0,TRUE)),IF('114成績輸入與落點儀表板'!$C$5="必須採計",O1054>0,IF('114成績輸入與落點儀表板'!$C$5="不可採計",O1054=0,TRUE)),IF('114成績輸入與落點儀表板'!$C$6="必須採計",P1054>0,IF('114成績輸入與落點儀表板'!$C$6="不可採計",P1054=0,TRUE)),IF('114成績輸入與落點儀表板'!$C$7="必須採計",Q1054>0,IF('114成績輸入與落點儀表板'!$C$7="不可採計",Q1054=0,TRUE)),IF('114成績輸入與落點儀表板'!$C$8="必須採計",R1054>0,IF('114成績輸入與落點儀表板'!$C$8="不可採計",R1054=0,TRUE)),IF('114成績輸入與落點儀表板'!$C$9="必須採計",S1054>0,IF('114成績輸入與落點儀表板'!$C$9="不可採計",S1054=0,TRUE)),IF('114成績輸入與落點儀表板'!$C$10="必須採計",T1054>0,IF('114成績輸入與落點儀表板'!$C$10="不可採計",T1054=0,TRUE)),IF('114成績輸入與落點儀表板'!$C$11="必須採計",U1054>0,IF('114成績輸入與落點儀表板'!$C$11="不可採計",U1054=0,TRUE)),IF('114成績輸入與落點儀表板'!$C$12="必須採計",V1054>0,IF('114成績輸入與落點儀表板'!$C$12="不可採計",V1054=0,TRUE)),IF('114成績輸入與落點儀表板'!$C$13="必須採計",W1054>0,IF('114成績輸入與落點儀表板'!$C$13="不可採計",W1054=0,TRUE)),IF('114成績輸入與落點儀表板'!$C$14="必須採計",X1054>0,IF('114成績輸入與落點儀表板'!$C$14="不可採計",X1054=0,TRUE)),IF('114成績輸入與落點儀表板'!$C$15="必須採計",Y1054>0,IF('114成績輸入與落點儀表板'!$C$15="不可採計",Y1054=0,TRUE)),IF('114成績輸入與落點儀表板'!$C$16="必須採計",Z1054>0,IF('114成績輸入與落點儀表板'!$C$16="不可採計",Z1054=0,TRUE))),"✅ 符合","❌ 不符合") -> ✅ 符合 | L1054: 2 | M1054: 0 | N1054: 0 | O1054: 0 | P1054: 0 | Q1054: 0 | R1054: 0 | S1054: 0 | T1054: 0 | U1054: 1 | V1054: 0 | W1054: 2 | X1054: 0 | Y1054: 0 | Z1054: 0
A1055: 2036 | B1055: 國立東華大學 | C1055: 自然資源與環境學系環境管理與環境教育組 | D1055: 財經管理學群 | E1055: 地x2.00 英x1.00 國x2.00 | F1055: 7 | G1055: 174 | H1055: =L1055*'114成績輸入與落點儀表板'!$B$2+M1055*'114成績輸入與落點儀表板'!$B$3+N1055*'114成績輸入與落點儀表板'!$B$4+O1055*'114成績輸入與落點儀表板'!$B$5+P1055*'114成績輸入與落點儀表板'!$B$6+Q1055*'114成績輸入與落點儀表板'!$B$7+R1055*'114成績輸入與落點儀表板'!$B$8+S1055*'114成績輸入與落點儀表板'!$B$9+T1055*'114成績輸入與落點儀表板'!$B$10+U1055*'114成績輸入與落點儀表板'!$B$11+V1055*'114成績輸入與落點儀表板'!$B$12+W1055*'114成績輸入與落點儀表板'!$B$13+X1055*'114成績輸入與落點儀表板'!$B$14+Y1055*'114成績輸入與落點儀表板'!$B$15+Z1055*'114成績輸入與落點儀表板'!$B$16 -> 0 | I1055: =IF(G1055="","",H1055-G1055) -> -174 | J1055: =IF(G1055="","無錄取資料",IF(I1055>=0,"PASS","FAIL")) -> FAIL | K1055: =IF(AND(IF('114成績輸入與落點儀表板'!$C$2="必須採計",L1055>0,IF('114成績輸入與落點儀表板'!$C$2="不可採計",L1055=0,TRUE)),IF('114成績輸入與落點儀表板'!$C$3="必須採計",M1055>0,IF('114成績輸入與落點儀表板'!$C$3="不可採計",M1055=0,TRUE)),IF('114成績輸入與落點儀表板'!$C$4="必須採計",N1055>0,IF('114成績輸入與落點儀表板'!$C$4="不可採計",N1055=0,TRUE)),IF('114成績輸入與落點儀表板'!$C$5="必須採計",O1055>0,IF('114成績輸入與落點儀表板'!$C$5="不可採計",O1055=0,TRUE)),IF('114成績輸入與落點儀表板'!$C$6="必須採計",P1055>0,IF('114成績輸入與落點儀表板'!$C$6="不可採計",P1055=0,TRUE)),IF('114成績輸入與落點儀表板'!$C$7="必須採計",Q1055>0,IF('114成績輸入與落點儀表板'!$C$7="不可採計",Q1055=0,TRUE)),IF('114成績輸入與落點儀表板'!$C$8="必須採計",R1055>0,IF('114成績輸入與落點儀表板'!$C$8="不可採計",R1055=0,TRUE)),IF('114成績輸入與落點儀表板'!$C$9="必須採計",S1055>0,IF('114成績輸入與落點儀表板'!$C$9="不可採計",S1055=0,TRUE)),IF('114成績輸入與落點儀表板'!$C$10="必須採計",T1055>0,IF('114成績輸入與落點儀表板'!$C$10="不可採計",T1055=0,TRUE)),IF('114成績輸入與落點儀表板'!$C$11="必須採計",U1055>0,IF('114成績輸入與落點儀表板'!$C$11="不可採計",U1055=0,TRUE)),IF('114成績輸入與落點儀表板'!$C$12="必須採計",V1055>0,IF('114成績輸入與落點儀表板'!$C$12="不可採計",V1055=0,TRUE)),IF('114成績輸入與落點儀表板'!$C$13="必須採計",W1055>0,IF('114成績輸入與落點儀表板'!$C$13="不可採計",W1055=0,TRUE)),IF('114成績輸入與落點儀表板'!$C$14="必須採計",X1055>0,IF('114成績輸入與落點儀表板'!$C$14="不可採計",X1055=0,TRUE)),IF('114成績輸入與落點儀表板'!$C$15="必須採計",Y1055>0,IF('114成績輸入與落點儀表板'!$C$15="不可採計",Y1055=0,TRUE)),IF('114成績輸入與落點儀表板'!$C$16="必須採計",Z1055>0,IF('114成績輸入與落點儀表板'!$C$16="不可採計",Z1055=0,TRUE))),"✅ 符合","❌ 不符合") -> ✅ 符合 | L1055: 2 | M1055: 1 | N1055: 0 | O1055: 0 | P1055: 0 | Q1055: 0 | R1055: 0 | S1055: 0 | T1055: 0 | U1055: 0 | V1055: 2 | W1055: 0 | X1055: 0 | Y1055: 0 | Z1055: 0
A1056: 2037 | B1056: 國立東華大學 | C1056: 自然資源與環境學系生態與保育組 | D1056: 其他學群 | E1056: 生x2.00 國x2.00 英x1.00 | F1056: 8 | G1056: 168 | H1056: =L1056*'114成績輸入與落點儀表板'!$B$2+M1056*'114成績輸入與落點儀表板'!$B$3+N1056*'114成績輸入與落點儀表板'!$B$4+O1056*'114成績輸入與落點儀表板'!$B$5+P1056*'114成績輸入與落點儀表板'!$B$6+Q1056*'114成績輸入與落點儀表板'!$B$7+R1056*'114成績輸入與落點儀表板'!$B$8+S1056*'114成績輸入與落點儀表板'!$B$9+T1056*'114成績輸入與落點儀表板'!$B$10+U1056*'114成績輸入與落點儀表板'!$B$11+V1056*'114成績輸入與落點儀表板'!$B$12+W1056*'114成績輸入與落點儀表板'!$B$13+X1056*'114成績輸入與落點儀表板'!$B$14+Y1056*'114成績輸入與落點儀表板'!$B$15+Z1056*'114成績輸入與落點儀表板'!$B$16 -> 0 | I1056: =IF(G1056="","",H1056-G1056) -> -168 | J1056: =IF(G1056="","無錄取資料",IF(I1056>=0,"PASS","FAIL")) -> FAIL | K1056: =IF(AND(IF('114成績輸入與落點儀表板'!$C$2="必須採計",L1056>0,IF('114成績輸入與落點儀表板'!$C$2="不可採計",L1056=0,TRUE)),IF('114成績輸入與落點儀表板'!$C$3="必須採計",M1056>0,IF('114成績輸入與落點儀表板'!$C$3="不可採計",M1056=0,TRUE)),IF('114成績輸入與落點儀表板'!$C$4="必須採計",N1056>0,IF('114成績輸入與落點儀表板'!$C$4="不可採計",N1056=0,TRUE)),IF('114成績輸入與落點儀表板'!$C$5="必須採計",O1056>0,IF('114成績輸入與落點儀表板'!$C$5="不可採計",O1056=0,TRUE)),IF('114成績輸入與落點儀表板'!$C$6="必須採計",P1056>0,IF('114成績輸入與落點儀表板'!$C$6="不可採計",P1056=0,TRUE)),IF('114成績輸入與落點儀表板'!$C$7="必須採計",Q1056>0,IF('114成績輸入與落點儀表板'!$C$7="不可採計",Q1056=0,TRUE)),IF('114成績輸入與落點儀表板'!$C$8="必須採計",R1056>0,IF('114成績輸入與落點儀表板'!$C$8="不可採計",R1056=0,TRUE)),IF('114成績輸入與落點儀表板'!$C$9="必須採計",S1056>0,IF('114成績輸入與落點儀表板'!$C$9="不可採計",S1056=0,TRUE)),IF('114成績輸入與落點儀表板'!$C$10="必須採計",T1056>0,IF('114成績輸入與落點儀表板'!$C$10="不可採計",T1056=0,TRUE)),IF('114成績輸入與落點儀表板'!$C$11="必須採計",U1056>0,IF('114成績輸入與落點儀表板'!$C$11="不可採計",U1056=0,TRUE)),IF('114成績輸入與落點儀表板'!$C$12="必須採計",V1056>0,IF('114成績輸入與落點儀表板'!$C$12="不可採計",V1056=0,TRUE)),IF('114成績輸入與落點儀表板'!$C$13="必須採計",W1056>0,IF('114成績輸入與落點儀表板'!$C$13="不可採計",W1056=0,TRUE)),IF('114成績輸入與落點儀表板'!$C$14="必須採計",X1056>0,IF('114成績輸入與落點儀表板'!$C$14="不可採計",X1056=0,TRUE)),IF('114成績輸入與落點儀表板'!$C$15="必須採計",Y1056>0,IF('114成績輸入與落點儀表板'!$C$15="不可採計",Y1056=0,TRUE)),IF('114成績輸入與落點儀表板'!$C$16="必須採計",Z1056>0,IF('114成績輸入與落點儀表板'!$C$16="不可採計",Z1056=0,TRUE))),"✅ 符合","❌ 不符合") -> ✅ 符合 | L1056: 2 | M1056: 1 | N1056: 0 | O1056: 0 | P1056: 0 | Q1056: 0 | R1056: 0 | S1056: 0 | T1056: 2 | U1056: 0 | V1056: 0 | W1056: 0 | X1056: 0 | Y1056: 0 | Z1056: 0
A1057: 2040 | B1057: 國立東華大學 | C1057: 自然資源與環境學系地球科學組 | D1057: 數理化學群 | E1057: 化x2.00 國x2.00 英x1.00 | F1057: 7 | G1057: 166 | H1057: =L1057*'114成績輸入與落點儀表板'!$B$2+M1057*'114成績輸入與落點儀表板'!$B$3+N1057*'114成績輸入與落點儀表板'!$B$4+O1057*'114成績輸入與落點儀表板'!$B$5+P1057*'114成績輸入與落點儀表板'!$B$6+Q1057*'114成績輸入與落點儀表板'!$B$7+R1057*'114成績輸入與落點儀表板'!$B$8+S1057*'114成績輸入與落點儀表板'!$B$9+T1057*'114成績輸入與落點儀表板'!$B$10+U1057*'114成績輸入與落點儀表板'!$B$11+V1057*'114成績輸入與落點儀表板'!$B$12+W1057*'114成績輸入與落點儀表板'!$B$13+X1057*'114成績輸入與落點儀表板'!$B$14+Y1057*'114成績輸入與落點儀表板'!$B$15+Z1057*'114成績輸入與落點儀表板'!$B$16 -> 0 | I1057: =IF(G1057="","",H1057-G1057) -> -166 | J1057: =IF(G1057="","無錄取資料",IF(I1057>=0,"PASS","FAIL")) -> FAIL | K1057: =IF(AND(IF('114成績輸入與落點儀表板'!$C$2="必須採計",L1057>0,IF('114成績輸入與落點儀表板'!$C$2="不可採計",L1057=0,TRUE)),IF('114成績輸入與落點儀表板'!$C$3="必須採計",M1057>0,IF('114成績輸入與落點儀表板'!$C$3="不可採計",M1057=0,TRUE)),IF('114成績輸入與落點儀表板'!$C$4="必須採計",N1057>0,IF('114成績輸入與落點儀表板'!$C$4="不可採計",N1057=0,TRUE)),IF('114成績輸入與落點儀表板'!$C$5="必須採計",O1057>0,IF('114成績輸入與落點儀表板'!$C$5="不可採計",O1057=0,TRUE)),IF('114成績輸入與落點儀表板'!$C$6="必須採計",P1057>0,IF('114成績輸入與落點儀表板'!$C$6="不可採計",P1057=0,TRUE)),IF('114成績輸入與落點儀表板'!$C$7="必須採計",Q1057>0,IF('114成績輸入與落點儀表板'!$C$7="不可採計",Q1057=0,TRUE)),IF('114成績輸入與落點儀表板'!$C$8="必須採計",R1057>0,IF('114成績輸入與落點儀表板'!$C$8="不可採計",R1057=0,TRUE)),IF('114成績輸入與落點儀表板'!$C$9="必須採計",S1057>0,IF('114成績輸入與落點儀表板'!$C$9="不可採計",S1057=0,TRUE)),IF('114成績輸入與落點儀表板'!$C$10="必須採計",T1057>0,IF('114成績輸入與落點儀表板'!$C$10="不可採計",T1057=0,TRUE)),IF('114成績輸入與落點儀表板'!$C$11="必須採計",U1057>0,IF('114成績輸入與落點儀表板'!$C$11="不可採計",U1057=0,TRUE)),IF('114成績輸入與落點儀表板'!$C$12="必須採計",V1057>0,IF('114成績輸入與落點儀表板'!$C$12="不可採計",V1057=0,TRUE)),IF('114成績輸入與落點儀表板'!$C$13="必須採計",W1057>0,IF('114成績輸入與落點儀表板'!$C$13="不可採計",W1057=0,TRUE)),IF('114成績輸入與落點儀表板'!$C$14="必須採計",X1057>0,IF('114成績輸入與落點儀表板'!$C$14="不可採計",X1057=0,TRUE)),IF('114成績輸入與落點儀表板'!$C$15="必須採計",Y1057>0,IF('114成績輸入與落點儀表板'!$C$15="不可採計",Y1057=0,TRUE)),IF('114成績輸入與落點儀表板'!$C$16="必須採計",Z1057>0,IF('114成績輸入與落點儀表板'!$C$16="不可採計",Z1057=0,TRUE))),"✅ 符合","❌ 不符合") -> ✅ 符合 | L1057: 2 | M1057: 1 | N1057: 0 | O1057: 0 | P1057: 0 | Q1057: 0 | R1057: 0 | S1057: 2 | T1057: 0 | U1057: 0 | V1057: 0 | W1057: 0 | X1057: 0 | Y1057: 0 | Z1057: 0
A1058: 2041 | B1058: 國立東華大學 | C1058: 縱谷跨域書院學士學位學程 | D1058: 其他學群 | E1058: 國x2.00 公x1.75 歷x1.50 | F1058: 8 | G1058: 139.75 | H1058: =L1058*'114成績輸入與落點儀表板'!$B$2+M1058*'114成績輸入與落點儀表板'!$B$3+N1058*'114成績輸入與落點儀表板'!$B$4+O1058*'114成績輸入與落點儀表板'!$B$5+P1058*'114成績輸入與落點儀表板'!$B$6+Q1058*'114成績輸入與落點儀表板'!$B$7+R1058*'114成績輸入與落點儀表板'!$B$8+S1058*'114成績輸入與落點儀表板'!$B$9+T1058*'114成績輸入與落點儀表板'!$B$10+U1058*'114成績輸入與落點儀表板'!$B$11+V1058*'114成績輸入與落點儀表板'!$B$12+W1058*'114成績輸入與落點儀表板'!$B$13+X1058*'114成績輸入與落點儀表板'!$B$14+Y1058*'114成績輸入與落點儀表板'!$B$15+Z1058*'114成績輸入與落點儀表板'!$B$16 -> 0 | I1058: =IF(G1058="","",H1058-G1058) -> -139.75 | J1058: =IF(G1058="","無錄取資料",IF(I1058>=0,"PASS","FAIL")) -> FAIL | K1058: =IF(AND(IF('114成績輸入與落點儀表板'!$C$2="必須採計",L1058>0,IF('114成績輸入與落點儀表板'!$C$2="不可採計",L1058=0,TRUE)),IF('114成績輸入與落點儀表板'!$C$3="必須採計",M1058>0,IF('114成績輸入與落點儀表板'!$C$3="不可採計",M1058=0,TRUE)),IF('114成績輸入與落點儀表板'!$C$4="必須採計",N1058>0,IF('114成績輸入與落點儀表板'!$C$4="不可採計",N1058=0,TRUE)),IF('114成績輸入與落點儀表板'!$C$5="必須採計",O1058>0,IF('114成績輸入與落點儀表板'!$C$5="不可採計",O1058=0,TRUE)),IF('114成績輸入與落點儀表板'!$C$6="必須採計",P1058>0,IF('114成績輸入與落點儀表板'!$C$6="不可採計",P1058=0,TRUE)),IF('114成績輸入與落點儀表板'!$C$7="必須採計",Q1058>0,IF('114成績輸入與落點儀表板'!$C$7="不可採計",Q1058=0,TRUE)),IF('114成績輸入與落點儀表板'!$C$8="必須採計",R1058>0,IF('114成績輸入與落點儀表板'!$C$8="不可採計",R1058=0,TRUE)),IF('114成績輸入與落點儀表板'!$C$9="必須採計",S1058>0,IF('114成績輸入與落點儀表板'!$C$9="不可採計",S1058=0,TRUE)),IF('114成績輸入與落點儀表板'!$C$10="必須採計",T1058>0,IF('114成績輸入與落點儀表板'!$C$10="不可採計",T1058=0,TRUE)),IF('114成績輸入與落點儀表板'!$C$11="必須採計",U1058>0,IF('114成績輸入與落點儀表板'!$C$11="不可採計",U1058=0,TRUE)),IF('114成績輸入與落點儀表板'!$C$12="必須採計",V1058>0,IF('114成績輸入與落點儀表板'!$C$12="不可採計",V1058=0,TRUE)),IF('114成績輸入與落點儀表板'!$C$13="必須採計",W1058>0,IF('114成績輸入與落點儀表板'!$C$13="不可採計",W1058=0,TRUE)),IF('114成績輸入與落點儀表板'!$C$14="必須採計",X1058>0,IF('114成績輸入與落點儀表板'!$C$14="不可採計",X1058=0,TRUE)),IF('114成績輸入與落點儀表板'!$C$15="必須採計",Y1058>0,IF('114成績輸入與落點儀表板'!$C$15="不可採計",Y1058=0,TRUE)),IF('114成績輸入與落點儀表板'!$C$16="必須採計",Z1058>0,IF('114成績輸入與落點儀表板'!$C$16="不可採計",Z1058=0,TRUE))),"✅ 符合","❌ 不符合") -> ✅ 符合 | L1058: 2 | M1058: 0 | N1058: 0 | O1058: 0 | P1058: 0 | Q1058: 0 | R1058: 0 | S1058: 0 | T1058: 0 | U1058: 1.5 | V1058: 0 | W1058: 1.75 | X1058: 0 | Y1058: 0 | Z1058: 0
A1059: 2042 | B1059: 國立東華大學 | C1059: 音樂學系 | D1059: 藝術與體育學群 | E1059: 術x2.00 國x1.00 英x1.00 歷x1.00 | F1059: 0 | H1059: =L1059*'114成績輸入與落點儀表板'!$B$2+M1059*'114成績輸入與落點儀表板'!$B$3+N1059*'114成績輸入與落點儀表板'!$B$4+O1059*'114成績輸入與落點儀表板'!$B$5+P1059*'114成績輸入與落點儀表板'!$B$6+Q1059*'114成績輸入與落點儀表板'!$B$7+R1059*'114成績輸入與落點儀表板'!$B$8+S1059*'114成績輸入與落點儀表板'!$B$9+T1059*'114成績輸入與落點儀表板'!$B$10+U1059*'114成績輸入與落點儀表板'!$B$11+V1059*'114成績輸入與落點儀表板'!$B$12+W1059*'114成績輸入與落點儀表板'!$B$13+X1059*'114成績輸入與落點儀表板'!$B$14+Y1059*'114成績輸入與落點儀表板'!$B$15+Z1059*'114成績輸入與落點儀表板'!$B$16 -> 0 | I1059: =IF(G1059="","",H1059-G1059) | J1059: =IF(G1059="","無錄取資料",IF(I1059>=0,"PASS","FAIL")) -> 無錄取資料 | K1059: =IF(AND(IF('114成績輸入與落點儀表板'!$C$2="必須採計",L1059>0,IF('114成績輸入與落點儀表板'!$C$2="不可採計",L1059=0,TRUE)),IF('114成績輸入與落點儀表板'!$C$3="必須採計",M1059>0,IF('114成績輸入與落點儀表板'!$C$3="不可採計",M1059=0,TRUE)),IF('114成績輸入與落點儀表板'!$C$4="必須採計",N1059>0,IF('114成績輸入與落點儀表板'!$C$4="不可採計",N1059=0,TRUE)),IF('114成績輸入與落點儀表板'!$C$5="必須採計",O1059>0,IF('114成績輸入與落點儀表板'!$C$5="不可採計",O1059=0,TRUE)),IF('114成績輸入與落點儀表板'!$C$6="必須採計",P1059>0,IF('114成績輸入與落點儀表板'!$C$6="不可採計",P1059=0,TRUE)),IF('114成績輸入與落點儀表板'!$C$7="必須採計",Q1059>0,IF('114成績輸入與落點儀表板'!$C$7="不可採計",Q1059=0,TRUE)),IF('114成績輸入與落點儀表板'!$C$8="必須採計",R1059>0,IF('114成績輸入與落點儀表板'!$C$8="不可採計",R1059=0,TRUE)),IF('114成績輸入與落點儀表板'!$C$9="必須採計",S1059>0,IF('114成績輸入與落點儀表板'!$C$9="不可採計",S1059=0,TRUE)),IF('114成績輸入與落點儀表板'!$C$10="必須採計",T1059>0,IF('114成績輸入與落點儀表板'!$C$10="不可採計",T1059=0,TRUE)),IF('114成績輸入與落點儀表板'!$C$11="必須採計",U1059>0,IF('114成績輸入與落點儀表板'!$C$11="不可採計",U1059=0,TRUE)),IF('114成績輸入與落點儀表板'!$C$12="必須採計",V1059>0,IF('114成績輸入與落點儀表板'!$C$12="不可採計",V1059=0,TRUE)),IF('114成績輸入與落點儀表板'!$C$13="必須採計",W1059>0,IF('114成績輸入與落點儀表板'!$C$13="不可採計",W1059=0,TRUE)),IF('114成績輸入與落點儀表板'!$C$14="必須採計",X1059>0,IF('114成績輸入與落點儀表板'!$C$14="不可採計",X1059=0,TRUE)),IF('114成績輸入與落點儀表板'!$C$15="必須採計",Y1059>0,IF('114成績輸入與落點儀表板'!$C$15="不可採計",Y1059=0,TRUE)),IF('114成績輸入與落點儀表板'!$C$16="必須採計",Z1059>0,IF('114成績輸入與落點儀表板'!$C$16="不可採計",Z1059=0,TRUE))),"✅ 符合","❌ 不符合") -> ✅ 符合 | L1059: 1 | M1059: 1 | N1059: 0 | O1059: 0 | P1059: 0 | Q1059: 0 | R1059: 0 | S1059: 0 | T1059: 0 | U1059: 1 | V1059: 0 | W1059: 0 | X1059: 0 | Y1059: 0 | Z1059: 2
A1060: 2043 | B1060: 國立東華大學 | C1060: 藝術與設計學系 | D1060: 藝術與體育學群 | E1060: 國x2.00 英x1.00 歷x1.00 | F1060: 18 | G1060: 119 | H1060: =L1060*'114成績輸入與落點儀表板'!$B$2+M1060*'114成績輸入與落點儀表板'!$B$3+N1060*'114成績輸入與落點儀表板'!$B$4+O1060*'114成績輸入與落點儀表板'!$B$5+P1060*'114成績輸入與落點儀表板'!$B$6+Q1060*'114成績輸入與落點儀表板'!$B$7+R1060*'114成績輸入與落點儀表板'!$B$8+S1060*'114成績輸入與落點儀表板'!$B$9+T1060*'114成績輸入與落點儀表板'!$B$10+U1060*'114成績輸入與落點儀表板'!$B$11+V1060*'114成績輸入與落點儀表板'!$B$12+W1060*'114成績輸入與落點儀表板'!$B$13+X1060*'114成績輸入與落點儀表板'!$B$14+Y1060*'114成績輸入與落點儀表板'!$B$15+Z1060*'114成績輸入與落點儀表板'!$B$16 -> 0 | I1060: =IF(G1060="","",H1060-G1060) -> -119 | J1060: =IF(G1060="","無錄取資料",IF(I1060>=0,"PASS","FAIL")) -> FAIL | K1060: =IF(AND(IF('114成績輸入與落點儀表板'!$C$2="必須採計",L1060>0,IF('114成績輸入與落點儀表板'!$C$2="不可採計",L1060=0,TRUE)),IF('114成績輸入與落點儀表板'!$C$3="必須採計",M1060>0,IF('114成績輸入與落點儀表板'!$C$3="不可採計",M1060=0,TRUE)),IF('114成績輸入與落點儀表板'!$C$4="必須採計",N1060>0,IF('114成績輸入與落點儀表板'!$C$4="不可採計",N1060=0,TRUE)),IF('114成績輸入與落點儀表板'!$C$5="必須採計",O1060>0,IF('114成績輸入與落點儀表板'!$C$5="不可採計",O1060=0,TRUE)),IF('114成績輸入與落點儀表板'!$C$6="必須採計",P1060>0,IF('114成績輸入與落點儀表板'!$C$6="不可採計",P1060=0,TRUE)),IF('114成績輸入與落點儀表板'!$C$7="必須採計",Q1060>0,IF('114成績輸入與落點儀表板'!$C$7="不可採計",Q1060=0,TRUE)),IF('114成績輸入與落點儀表板'!$C$8="必須採計",R1060>0,IF('114成績輸入與落點儀表板'!$C$8="不可採計",R1060=0,TRUE)),IF('114成績輸入與落點儀表板'!$C$9="必須採計",S1060>0,IF('114成績輸入與落點儀表板'!$C$9="不可採計",S1060=0,TRUE)),IF('114成績輸入與落點儀表板'!$C$10="必須採計",T1060>0,IF('114成績輸入與落點儀表板'!$C$10="不可採計",T1060=0,TRUE)),IF('114成績輸入與落點儀表板'!$C$11="必須採計",U1060>0,IF('114成績輸入與落點儀表板'!$C$11="不可採計",U1060=0,TRUE)),IF('114成績輸入與落點儀表板'!$C$12="必須採計",V1060>0,IF('114成績輸入與落點儀表板'!$C$12="不可採計",V1060=0,TRUE)),IF('114成績輸入與落點儀表板'!$C$13="必須採計",W1060>0,IF('114成績輸入與落點儀表板'!$C$13="不可採計",W1060=0,TRUE)),IF('114成績輸入與落點儀表板'!$C$14="必須採計",X1060>0,IF('114成績輸入與落點儀表板'!$C$14="不可採計",X1060=0,TRUE)),IF('114成績輸入與落點儀表板'!$C$15="必須採計",Y1060>0,IF('114成績輸入與落點儀表板'!$C$15="不可採計",Y1060=0,TRUE)),IF('114成績輸入與落點儀表板'!$C$16="必須採計",Z1060>0,IF('114成績輸入與落點儀表板'!$C$16="不可採計",Z1060=0,TRUE))),"✅ 符合","❌ 不符合") -> ✅ 符合 | L1060: 2 | M1060: 1 | N1060: 0 | O1060: 0 | P1060: 0 | Q1060: 0 | R1060: 0 | S1060: 0 | T1060: 0 | U1060: 1 | V1060: 0 | W1060: 0 | X1060: 0 | Y1060: 0 | Z1060: 0
A1061: 2044 | B1061: 國立東華大學 | C1061: 藝術創意產業學系 | D1061: 藝術與體育學群 | E1061: 國x2.00 歷x2.00 公x1.00 | F1061: 19 | G1061: 130 | H1061: =L1061*'114成績輸入與落點儀表板'!$B$2+M1061*'114成績輸入與落點儀表板'!$B$3+N1061*'114成績輸入與落點儀表板'!$B$4+O1061*'114成績輸入與落點儀表板'!$B$5+P1061*'114成績輸入與落點儀表板'!$B$6+Q1061*'114成績輸入與落點儀表板'!$B$7+R1061*'114成績輸入與落點儀表板'!$B$8+S1061*'114成績輸入與落點儀表板'!$B$9+T1061*'114成績輸入與落點儀表板'!$B$10+U1061*'114成績輸入與落點儀表板'!$B$11+V1061*'114成績輸入與落點儀表板'!$B$12+W1061*'114成績輸入與落點儀表板'!$B$13+X1061*'114成績輸入與落點儀表板'!$B$14+Y1061*'114成績輸入與落點儀表板'!$B$15+Z1061*'114成績輸入與落點儀表板'!$B$16 -> 0 | I1061: =IF(G1061="","",H1061-G1061) -> -130 | J1061: =IF(G1061="","無錄取資料",IF(I1061>=0,"PASS","FAIL")) -> FAIL | K1061: =IF(AND(IF('114成績輸入與落點儀表板'!$C$2="必須採計",L1061>0,IF('114成績輸入與落點儀表板'!$C$2="不可採計",L1061=0,TRUE)),IF('114成績輸入與落點儀表板'!$C$3="必須採計",M1061>0,IF('114成績輸入與落點儀表板'!$C$3="不可採計",M1061=0,TRUE)),IF('114成績輸入與落點儀表板'!$C$4="必須採計",N1061>0,IF('114成績輸入與落點儀表板'!$C$4="不可採計",N1061=0,TRUE)),IF('114成績輸入與落點儀表板'!$C$5="必須採計",O1061>0,IF('114成績輸入與落點儀表板'!$C$5="不可採計",O1061=0,TRUE)),IF('114成績輸入與落點儀表板'!$C$6="必須採計",P1061>0,IF('114成績輸入與落點儀表板'!$C$6="不可採計",P1061=0,TRUE)),IF('114成績輸入與落點儀表板'!$C$7="必須採計",Q1061>0,IF('114成績輸入與落點儀表板'!$C$7="不可採計",Q1061=0,TRUE)),IF('114成績輸入與落點儀表板'!$C$8="必須採計",R1061>0,IF('114成績輸入與落點儀表板'!$C$8="不可採計",R1061=0,TRUE)),IF('114成績輸入與落點儀表板'!$C$9="必須採計",S1061>0,IF('114成績輸入與落點儀表板'!$C$9="不可採計",S1061=0,TRUE)),IF('114成績輸入與落點儀表板'!$C$10="必須採計",T1061>0,IF('114成績輸入與落點儀表板'!$C$10="不可採計",T1061=0,TRUE)),IF('114成績輸入與落點儀表板'!$C$11="必須採計",U1061>0,IF('114成績輸入與落點儀表板'!$C$11="不可採計",U1061=0,TRUE)),IF('114成績輸入與落點儀表板'!$C$12="必須採計",V1061>0,IF('114成績輸入與落點儀表板'!$C$12="不可採計",V1061=0,TRUE)),IF('114成績輸入與落點儀表板'!$C$13="必須採計",W1061>0,IF('114成績輸入與落點儀表板'!$C$13="不可採計",W1061=0,TRUE)),IF('114成績輸入與落點儀表板'!$C$14="必須採計",X1061>0,IF('114成績輸入與落點儀表板'!$C$14="不可採計",X1061=0,TRUE)),IF('114成績輸入與落點儀表板'!$C$15="必須採計",Y1061>0,IF('114成績輸入與落點儀表板'!$C$15="不可採計",Y1061=0,TRUE)),IF('114成績輸入與落點儀表板'!$C$16="必須採計",Z1061>0,IF('114成績輸入與落點儀表板'!$C$16="不可採計",Z1061=0,TRUE))),"✅ 符合","❌ 不符合") -> ✅ 符合 | L1061: 2 | M1061: 0 | N1061: 0 | O1061: 0 | P1061: 0 | Q1061: 0 | R1061: 0 | S1061: 0 | T1061: 0 | U1061: 2 | V1061: 0 | W1061: 1 | X1061: 0 | Y1061: 0 | Z1061: 0
A1062: 2045 | B1062: 臺北市立大學 | C1062: 教育學系 | D1062: 教育學群 | E1062: 國x2.00 英x2.00 數Bx2.00 歷x1.00 地x1.00 | F1062: 21 | G1062: 294 | H1062: =L1062*'114成績輸入與落點儀表板'!$B$2+M1062*'114成績輸入與落點儀表板'!$B$3+N1062*'114成績輸入與落點儀表板'!$B$4+O1062*'114成績輸入與落點儀表板'!$B$5+P1062*'114成績輸入與落點儀表板'!$B$6+Q1062*'114成績輸入與落點儀表板'!$B$7+R1062*'114成績輸入與落點儀表板'!$B$8+S1062*'114成績輸入與落點儀表板'!$B$9+T1062*'114成績輸入與落點儀表板'!$B$10+U1062*'114成績輸入與落點儀表板'!$B$11+V1062*'114成績輸入與落點儀表板'!$B$12+W1062*'114成績輸入與落點儀表板'!$B$13+X1062*'114成績輸入與落點儀表板'!$B$14+Y1062*'114成績輸入與落點儀表板'!$B$15+Z1062*'114成績輸入與落點儀表板'!$B$16 -> 0 | I1062: =IF(G1062="","",H1062-G1062) -> -294 | J1062: =IF(G1062="","無錄取資料",IF(I1062>=0,"PASS","FAIL")) -> FAIL | K1062: =IF(AND(IF('114成績輸入與落點儀表板'!$C$2="必須採計",L1062>0,IF('114成績輸入與落點儀表板'!$C$2="不可採計",L1062=0,TRUE)),IF('114成績輸入與落點儀表板'!$C$3="必須採計",M1062>0,IF('114成績輸入與落點儀表板'!$C$3="不可採計",M1062=0,TRUE)),IF('114成績輸入與落點儀表板'!$C$4="必須採計",N1062>0,IF('114成績輸入與落點儀表板'!$C$4="不可採計",N1062=0,TRUE)),IF('114成績輸入與落點儀表板'!$C$5="必須採計",O1062>0,IF('114成績輸入與落點儀表板'!$C$5="不可採計",O1062=0,TRUE)),IF('114成績輸入與落點儀表板'!$C$6="必須採計",P1062>0,IF('114成績輸入與落點儀表板'!$C$6="不可採計",P1062=0,TRUE)),IF('114成績輸入與落點儀表板'!$C$7="必須採計",Q1062>0,IF('114成績輸入與落點儀表板'!$C$7="不可採計",Q1062=0,TRUE)),IF('114成績輸入與落點儀表板'!$C$8="必須採計",R1062>0,IF('114成績輸入與落點儀表板'!$C$8="不可採計",R1062=0,TRUE)),IF('114成績輸入與落點儀表板'!$C$9="必須採計",S1062>0,IF('114成績輸入與落點儀表板'!$C$9="不可採計",S1062=0,TRUE)),IF('114成績輸入與落點儀表板'!$C$10="必須採計",T1062>0,IF('114成績輸入與落點儀表板'!$C$10="不可採計",T1062=0,TRUE)),IF('114成績輸入與落點儀表板'!$C$11="必須採計",U1062>0,IF('114成績輸入與落點儀表板'!$C$11="不可採計",U1062=0,TRUE)),IF('114成績輸入與落點儀表板'!$C$12="必須採計",V1062>0,IF('114成績輸入與落點儀表板'!$C$12="不可採計",V1062=0,TRUE)),IF('114成績輸入與落點儀表板'!$C$13="必須採計",W1062>0,IF('114成績輸入與落點儀表板'!$C$13="不可採計",W1062=0,TRUE)),IF('114成績輸入與落點儀表板'!$C$14="必須採計",X1062>0,IF('114成績輸入與落點儀表板'!$C$14="不可採計",X1062=0,TRUE)),IF('114成績輸入與落點儀表板'!$C$15="必須採計",Y1062>0,IF('114成績輸入與落點儀表板'!$C$15="不可採計",Y1062=0,TRUE)),IF('114成績輸入與落點儀表板'!$C$16="必須採計",Z1062>0,IF('114成績輸入與落點儀表板'!$C$16="不可採計",Z1062=0,TRUE))),"✅ 符合","❌ 不符合") -> ✅ 符合 | L1062: 2 | M1062: 2 | N1062: 0 | O1062: 0 | P1062: 0 | Q1062: 2 | R1062: 0 | S1062: 0 | T1062: 0 | U1062: 1 | V1062: 1 | W1062: 0 | X1062: 0 | Y1062: 0 | Z1062: 0
A1063: 2046 | B1063: 臺北市立大學 | C1063: 特殊教育學系 | D1063: 教育學群 | E1063: 國x2.00 數Bx1.50 英x1.50 公x1.00 | F1063: 18 | G1063: 212.5 | H1063: =L1063*'114成績輸入與落點儀表板'!$B$2+M1063*'114成績輸入與落點儀表板'!$B$3+N1063*'114成績輸入與落點儀表板'!$B$4+O1063*'114成績輸入與落點儀表板'!$B$5+P1063*'114成績輸入與落點儀表板'!$B$6+Q1063*'114成績輸入與落點儀表板'!$B$7+R1063*'114成績輸入與落點儀表板'!$B$8+S1063*'114成績輸入與落點儀表板'!$B$9+T1063*'114成績輸入與落點儀表板'!$B$10+U1063*'114成績輸入與落點儀表板'!$B$11+V1063*'114成績輸入與落點儀表板'!$B$12+W1063*'114成績輸入與落點儀表板'!$B$13+X1063*'114成績輸入與落點儀表板'!$B$14+Y1063*'114成績輸入與落點儀表板'!$B$15+Z1063*'114成績輸入與落點儀表板'!$B$16 -> 0 | I1063: =IF(G1063="","",H1063-G1063) -> -212.5 | J1063: =IF(G1063="","無錄取資料",IF(I1063>=0,"PASS","FAIL")) -> FAIL | K1063: =IF(AND(IF('114成績輸入與落點儀表板'!$C$2="必須採計",L1063>0,IF('114成績輸入與落點儀表板'!$C$2="不可採計",L1063=0,TRUE)),IF('114成績輸入與落點儀表板'!$C$3="必須採計",M1063>0,IF('114成績輸入與落點儀表板'!$C$3="不可採計",M1063=0,TRUE)),IF('114成績輸入與落點儀表板'!$C$4="必須採計",N1063>0,IF('114成績輸入與落點儀表板'!$C$4="不可採計",N1063=0,TRUE)),IF('114成績輸入與落點儀表板'!$C$5="必須採計",O1063>0,IF('114成績輸入與落點儀表板'!$C$5="不可採計",O1063=0,TRUE)),IF('114成績輸入與落點儀表板'!$C$6="必須採計",P1063>0,IF('114成績輸入與落點儀表板'!$C$6="不可採計",P1063=0,TRUE)),IF('114成績輸入與落點儀表板'!$C$7="必須採計",Q1063>0,IF('114成績輸入與落點儀表板'!$C$7="不可採計",Q1063=0,TRUE)),IF('114成績輸入與落點儀表板'!$C$8="必須採計",R1063>0,IF('114成績輸入與落點儀表板'!$C$8="不可採計",R1063=0,TRUE)),IF('114成績輸入與落點儀表板'!$C$9="必須採計",S1063>0,IF('114成績輸入與落點儀表板'!$C$9="不可採計",S1063=0,TRUE)),IF('114成績輸入與落點儀表板'!$C$10="必須採計",T1063>0,IF('114成績輸入與落點儀表板'!$C$10="不可採計",T1063=0,TRUE)),IF('114成績輸入與落點儀表板'!$C$11="必須採計",U1063>0,IF('114成績輸入與落點儀表板'!$C$11="不可採計",U1063=0,TRUE)),IF('114成績輸入與落點儀表板'!$C$12="必須採計",V1063>0,IF('114成績輸入與落點儀表板'!$C$12="不可採計",V1063=0,TRUE)),IF('114成績輸入與落點儀表板'!$C$13="必須採計",W1063>0,IF('114成績輸入與落點儀表板'!$C$13="不可採計",W1063=0,TRUE)),IF('114成績輸入與落點儀表板'!$C$14="必須採計",X1063>0,IF('114成績輸入與落點儀表板'!$C$14="不可採計",X1063=0,TRUE)),IF('114成績輸入與落點儀表板'!$C$15="必須採計",Y1063>0,IF('114成績輸入與落點儀表板'!$C$15="不可採計",Y1063=0,TRUE)),IF('114成績輸入與落點儀表板'!$C$16="必須採計",Z1063>0,IF('114成績輸入與落點儀表板'!$C$16="不可採計",Z1063=0,TRUE))),"✅ 符合","❌ 不符合") -> ✅ 符合 | L1063: 2 | M1063: 1.5 | N1063: 0 | O1063: 0 | P1063: 0 | Q1063: 1.5 | R1063: 0 | S1063: 0 | T1063: 0 | U1063: 0 | V1063: 0 | W1063: 1 | X1063: 0 | Y1063: 0 | Z1063: 0
A1064: 2047 | B1064: 臺北市立大學 | C1064: 幼兒教育學系 | D1064: 教育學群 | E1064: 英x2.00 國x2.00 歷x1.00 地x1.00 | F1064: 22 | G1064: 237 | H1064: =L1064*'114成績輸入與落點儀表板'!$B$2+M1064*'114成績輸入與落點儀表板'!$B$3+N1064*'114成績輸入與落點儀表板'!$B$4+O1064*'114成績輸入與落點儀表板'!$B$5+P1064*'114成績輸入與落點儀表板'!$B$6+Q1064*'114成績輸入與落點儀表板'!$B$7+R1064*'114成績輸入與落點儀表板'!$B$8+S1064*'114成績輸入與落點儀表板'!$B$9+T1064*'114成績輸入與落點儀表板'!$B$10+U1064*'114成績輸入與落點儀表板'!$B$11+V1064*'114成績輸入與落點儀表板'!$B$12+W1064*'114成績輸入與落點儀表板'!$B$13+X1064*'114成績輸入與落點儀表板'!$B$14+Y1064*'114成績輸入與落點儀表板'!$B$15+Z1064*'114成績輸入與落點儀表板'!$B$16 -> 0 | I1064: =IF(G1064="","",H1064-G1064) -> -237 | J1064: =IF(G1064="","無錄取資料",IF(I1064>=0,"PASS","FAIL")) -> FAIL | K1064: =IF(AND(IF('114成績輸入與落點儀表板'!$C$2="必須採計",L1064>0,IF('114成績輸入與落點儀表板'!$C$2="不可採計",L1064=0,TRUE)),IF('114成績輸入與落點儀表板'!$C$3="必須採計",M1064>0,IF('114成績輸入與落點儀表板'!$C$3="不可採計",M1064=0,TRUE)),IF('114成績輸入與落點儀表板'!$C$4="必須採計",N1064>0,IF('114成績輸入與落點儀表板'!$C$4="不可採計",N1064=0,TRUE)),IF('114成績輸入與落點儀表板'!$C$5="必須採計",O1064>0,IF('114成績輸入與落點儀表板'!$C$5="不可採計",O1064=0,TRUE)),IF('114成績輸入與落點儀表板'!$C$6="必須採計",P1064>0,IF('114成績輸入與落點儀表板'!$C$6="不可採計",P1064=0,TRUE)),IF('114成績輸入與落點儀表板'!$C$7="必須採計",Q1064>0,IF('114成績輸入與落點儀表板'!$C$7="不可採計",Q1064=0,TRUE)),IF('114成績輸入與落點儀表板'!$C$8="必須採計",R1064>0,IF('114成績輸入與落點儀表板'!$C$8="不可採計",R1064=0,TRUE)),IF('114成績輸入與落點儀表板'!$C$9="必須採計",S1064>0,IF('114成績輸入與落點儀表板'!$C$9="不可採計",S1064=0,TRUE)),IF('114成績輸入與落點儀表板'!$C$10="必須採計",T1064>0,IF('114成績輸入與落點儀表板'!$C$10="不可採計",T1064=0,TRUE)),IF('114成績輸入與落點儀表板'!$C$11="必須採計",U1064>0,IF('114成績輸入與落點儀表板'!$C$11="不可採計",U1064=0,TRUE)),IF('114成績輸入與落點儀表板'!$C$12="必須採計",V1064>0,IF('114成績輸入與落點儀表板'!$C$12="不可採計",V1064=0,TRUE)),IF('114成績輸入與落點儀表板'!$C$13="必須採計",W1064>0,IF('114成績輸入與落點儀表板'!$C$13="不可採計",W1064=0,TRUE)),IF('114成績輸入與落點儀表板'!$C$14="必須採計",X1064>0,IF('114成績輸入與落點儀表板'!$C$14="不可採計",X1064=0,TRUE)),IF('114成績輸入與落點儀表板'!$C$15="必須採計",Y1064>0,IF('114成績輸入與落點儀表板'!$C$15="不可採計",Y1064=0,TRUE)),IF('114成績輸入與落點儀表板'!$C$16="必須採計",Z1064>0,IF('114成績輸入與落點儀表板'!$C$16="不可採計",Z1064=0,TRUE))),"✅ 符合","❌ 不符合") -> ✅ 符合 | L1064: 2 | M1064: 2 | N1064: 0 | O1064: 0 | P1064: 0 | Q1064: 0 | R1064: 0 | S1064: 0 | T1064: 0 | U1064: 1 | V1064: 1 | W1064: 0 | X1064: 0 | Y1064: 0 | Z1064: 0
A1065: 2050 | B1065: 臺北市立大學 | C1065: 心理與諮商學系 | D1065: 社會與心理學群 | E1065: 英x2.00 國x1.50 數Bx1.50 公x1.00 | F1065: 17 | G1065: 250 | H1065: =L1065*'114成績輸入與落點儀表板'!$B$2+M1065*'114成績輸入與落點儀表板'!$B$3+N1065*'114成績輸入與落點儀表板'!$B$4+O1065*'114成績輸入與落點儀表板'!$B$5+P1065*'114成績輸入與落點儀表板'!$B$6+Q1065*'114成績輸入與落點儀表板'!$B$7+R1065*'114成績輸入與落點儀表板'!$B$8+S1065*'114成績輸入與落點儀表板'!$B$9+T1065*'114成績輸入與落點儀表板'!$B$10+U1065*'114成績輸入與落點儀表板'!$B$11+V1065*'114成績輸入與落點儀表板'!$B$12+W1065*'114成績輸入與落點儀表板'!$B$13+X1065*'114成績輸入與落點儀表板'!$B$14+Y1065*'114成績輸入與落點儀表板'!$B$15+Z1065*'114成績輸入與落點儀表板'!$B$16 -> 0 | I1065: =IF(G1065="","",H1065-G1065) -> -250 | J1065: =IF(G1065="","無錄取資料",IF(I1065>=0,"PASS","FAIL")) -> FAIL | K1065: =IF(AND(IF('114成績輸入與落點儀表板'!$C$2="必須採計",L1065>0,IF('114成績輸入與落點儀表板'!$C$2="不可採計",L1065=0,TRUE)),IF('114成績輸入與落點儀表板'!$C$3="必須採計",M1065>0,IF('114成績輸入與落點儀表板'!$C$3="不可採計",M1065=0,TRUE)),IF('114成績輸入與落點儀表板'!$C$4="必須採計",N1065>0,IF('114成績輸入與落點儀表板'!$C$4="不可採計",N1065=0,TRUE)),IF('114成績輸入與落點儀表板'!$C$5="必須採計",O1065>0,IF('114成績輸入與落點儀表板'!$C$5="不可採計",O1065=0,TRUE)),IF('114成績輸入與落點儀表板'!$C$6="必須採計",P1065>0,IF('114成績輸入與落點儀表板'!$C$6="不可採計",P1065=0,TRUE)),IF('114成績輸入與落點儀表板'!$C$7="必須採計",Q1065>0,IF('114成績輸入與落點儀表板'!$C$7="不可採計",Q1065=0,TRUE)),IF('114成績輸入與落點儀表板'!$C$8="必須採計",R1065>0,IF('114成績輸入與落點儀表板'!$C$8="不可採計",R1065=0,TRUE)),IF('114成績輸入與落點儀表板'!$C$9="必須採計",S1065>0,IF('114成績輸入與落點儀表板'!$C$9="不可採計",S1065=0,TRUE)),IF('114成績輸入與落點儀表板'!$C$10="必須採計",T1065>0,IF('114成績輸入與落點儀表板'!$C$10="不可採計",T1065=0,TRUE)),IF('114成績輸入與落點儀表板'!$C$11="必須採計",U1065>0,IF('114成績輸入與落點儀表板'!$C$11="不可採計",U1065=0,TRUE)),IF('114成績輸入與落點儀表板'!$C$12="必須採計",V1065>0,IF('114成績輸入與落點儀表板'!$C$12="不可採計",V1065=0,TRUE)),IF('114成績輸入與落點儀表板'!$C$13="必須採計",W1065>0,IF('114成績輸入與落點儀表板'!$C$13="不可採計",W1065=0,TRUE)),IF('114成績輸入與落點儀表板'!$C$14="必須採計",X1065>0,IF('114成績輸入與落點儀表板'!$C$14="不可採計",X1065=0,TRUE)),IF('114成績輸入與落點儀表板'!$C$15="必須採計",Y1065>0,IF('114成績輸入與落點儀表板'!$C$15="不可採計",Y1065=0,TRUE)),IF('114成績輸入與落點儀表板'!$C$16="必須採計",Z1065>0,IF('114成績輸入與落點儀表板'!$C$16="不可採計",Z1065=0,TRUE))),"✅ 符合","❌ 不符合") -> ✅ 符合 | L1065: 1.5 | M1065: 2 | N1065: 0 | O1065: 0 | P1065: 0 | Q1065: 1.5 | R1065: 0 | S1065: 0 | T1065: 0 | U1065: 0 | V1065: 0 | W1065: 1 | X1065: 0 | Y1065: 0 | Z1065: 0
A1066: 2051 | B1066: 臺北市立大學 | C1066: 學習與媒材設計學系 | D1066: 藝術與體育學群 | E1066: 國x2.00 數Bx1.50 英x2.00 歷x1.00 地x1.00 | F1066: 16 | G1066: 273.5 | H1066: =L1066*'114成績輸入與落點儀表板'!$B$2+M1066*'114成績輸入與落點儀表板'!$B$3+N1066*'114成績輸入與落點儀表板'!$B$4+O1066*'114成績輸入與落點儀表板'!$B$5+P1066*'114成績輸入與落點儀表板'!$B$6+Q1066*'114成績輸入與落點儀表板'!$B$7+R1066*'114成績輸入與落點儀表板'!$B$8+S1066*'114成績輸入與落點儀表板'!$B$9+T1066*'114成績輸入與落點儀表板'!$B$10+U1066*'114成績輸入與落點儀表板'!$B$11+V1066*'114成績輸入與落點儀表板'!$B$12+W1066*'114成績輸入與落點儀表板'!$B$13+X1066*'114成績輸入與落點儀表板'!$B$14+Y1066*'114成績輸入與落點儀表板'!$B$15+Z1066*'114成績輸入與落點儀表板'!$B$16 -> 0 | I1066: =IF(G1066="","",H1066-G1066) -> -273.5 | J1066: =IF(G1066="","無錄取資料",IF(I1066>=0,"PASS","FAIL")) -> FAIL | K1066: =IF(AND(IF('114成績輸入與落點儀表板'!$C$2="必須採計",L1066>0,IF('114成績輸入與落點儀表板'!$C$2="不可採計",L1066=0,TRUE)),IF('114成績輸入與落點儀表板'!$C$3="必須採計",M1066>0,IF('114成績輸入與落點儀表板'!$C$3="不可採計",M1066=0,TRUE)),IF('114成績輸入與落點儀表板'!$C$4="必須採計",N1066>0,IF('114成績輸入與落點儀表板'!$C$4="不可採計",N1066=0,TRUE)),IF('114成績輸入與落點儀表板'!$C$5="必須採計",O1066>0,IF('114成績輸入與落點儀表板'!$C$5="不可採計",O1066=0,TRUE)),IF('114成績輸入與落點儀表板'!$C$6="必須採計",P1066>0,IF('114成績輸入與落點儀表板'!$C$6="不可採計",P1066=0,TRUE)),IF('114成績輸入與落點儀表板'!$C$7="必須採計",Q1066>0,IF('114成績輸入與落點儀表板'!$C$7="不可採計",Q1066=0,TRUE)),IF('114成績輸入與落點儀表板'!$C$8="必須採計",R1066>0,IF('114成績輸入與落點儀表板'!$C$8="不可採計",R1066=0,TRUE)),IF('114成績輸入與落點儀表板'!$C$9="必須採計",S1066>0,IF('114成績輸入與落點儀表板'!$C$9="不可採計",S1066=0,TRUE)),IF('114成績輸入與落點儀表板'!$C$10="必須採計",T1066>0,IF('114成績輸入與落點儀表板'!$C$10="不可採計",T1066=0,TRUE)),IF('114成績輸入與落點儀表板'!$C$11="必須採計",U1066>0,IF('114成績輸入與落點儀表板'!$C$11="不可採計",U1066=0,TRUE)),IF('114成績輸入與落點儀表板'!$C$12="必須採計",V1066>0,IF('114成績輸入與落點儀表板'!$C$12="不可採計",V1066=0,TRUE)),IF('114成績輸入與落點儀表板'!$C$13="必須採計",W1066>0,IF('114成績輸入與落點儀表板'!$C$13="不可採計",W1066=0,TRUE)),IF('114成績輸入與落點儀表板'!$C$14="必須採計",X1066>0,IF('114成績輸入與落點儀表板'!$C$14="不可採計",X1066=0,TRUE)),IF('114成績輸入與落點儀表板'!$C$15="必須採計",Y1066>0,IF('114成績輸入與落點儀表板'!$C$15="不可採計",Y1066=0,TRUE)),IF('114成績輸入與落點儀表板'!$C$16="必須採計",Z1066>0,IF('114成績輸入與落點儀表板'!$C$16="不可採計",Z1066=0,TRUE))),"✅ 符合","❌ 不符合") -> ✅ 符合 | L1066: 2 | M1066: 2 | N1066: 0 | O1066: 0 | P1066: 0 | Q1066: 1.5 | R1066: 0 | S1066: 0 | T1066: 0 | U1066: 1 | V1066: 1 | W1066: 0 | X1066: 0 | Y1066: 0 | Z1066: 0
A1067: 2052 | B1067: 臺北市立大學 | C1067: 中國語文學系 | D1067: 其他學群 | E1067: 國x2.00 歷x1.00 英x1.00 | F1067: 27 | G1067: 166 | H1067: =L1067*'114成績輸入與落點儀表板'!$B$2+M1067*'114成績輸入與落點儀表板'!$B$3+N1067*'114成績輸入與落點儀表板'!$B$4+O1067*'114成績輸入與落點儀表板'!$B$5+P1067*'114成績輸入與落點儀表板'!$B$6+Q1067*'114成績輸入與落點儀表板'!$B$7+R1067*'114成績輸入與落點儀表板'!$B$8+S1067*'114成績輸入與落點儀表板'!$B$9+T1067*'114成績輸入與落點儀表板'!$B$10+U1067*'114成績輸入與落點儀表板'!$B$11+V1067*'114成績輸入與落點儀表板'!$B$12+W1067*'114成績輸入與落點儀表板'!$B$13+X1067*'114成績輸入與落點儀表板'!$B$14+Y1067*'114成績輸入與落點儀表板'!$B$15+Z1067*'114成績輸入與落點儀表板'!$B$16 -> 0 | I1067: =IF(G1067="","",H1067-G1067) -> -166 | J1067: =IF(G1067="","無錄取資料",IF(I1067>=0,"PASS","FAIL")) -> FAIL | K1067: =IF(AND(IF('114成績輸入與落點儀表板'!$C$2="必須採計",L1067>0,IF('114成績輸入與落點儀表板'!$C$2="不可採計",L1067=0,TRUE)),IF('114成績輸入與落點儀表板'!$C$3="必須採計",M1067>0,IF('114成績輸入與落點儀表板'!$C$3="不可採計",M1067=0,TRUE)),IF('114成績輸入與落點儀表板'!$C$4="必須採計",N1067>0,IF('114成績輸入與落點儀表板'!$C$4="不可採計",N1067=0,TRUE)),IF('114成績輸入與落點儀表板'!$C$5="必須採計",O1067>0,IF('114成績輸入與落點儀表板'!$C$5="不可採計",O1067=0,TRUE)),IF('114成績輸入與落點儀表板'!$C$6="必須採計",P1067>0,IF('114成績輸入與落點儀表板'!$C$6="不可採計",P1067=0,TRUE)),IF('114成績輸入與落點儀表板'!$C$7="必須採計",Q1067>0,IF('114成績輸入與落點儀表板'!$C$7="不可採計",Q1067=0,TRUE)),IF('114成績輸入與落點儀表板'!$C$8="必須採計",R1067>0,IF('114成績輸入與落點儀表板'!$C$8="不可採計",R1067=0,TRUE)),IF('114成績輸入與落點儀表板'!$C$9="必須採計",S1067>0,IF('114成績輸入與落點儀表板'!$C$9="不可採計",S1067=0,TRUE)),IF('114成績輸入與落點儀表板'!$C$10="必須採計",T1067>0,IF('114成績輸入與落點儀表板'!$C$10="不可採計",T1067=0,TRUE)),IF('114成績輸入與落點儀表板'!$C$11="必須採計",U1067>0,IF('114成績輸入與落點儀表板'!$C$11="不可採計",U1067=0,TRUE)),IF('114成績輸入與落點儀表板'!$C$12="必須採計",V1067>0,IF('114成績輸入與落點儀表板'!$C$12="不可採計",V1067=0,TRUE)),IF('114成績輸入與落點儀表板'!$C$13="必須採計",W1067>0,IF('114成績輸入與落點儀表板'!$C$13="不可採計",W1067=0,TRUE)),IF('114成績輸入與落點儀表板'!$C$14="必須採計",X1067>0,IF('114成績輸入與落點儀表板'!$C$14="不可採計",X1067=0,TRUE)),IF('114成績輸入與落點儀表板'!$C$15="必須採計",Y1067>0,IF('114成績輸入與落點儀表板'!$C$15="不可採計",Y1067=0,TRUE)),IF('114成績輸入與落點儀表板'!$C$16="必須採計",Z1067>0,IF('114成績輸入與落點儀表板'!$C$16="不可採計",Z1067=0,TRUE))),"✅ 符合","❌ 不符合") -> ✅ 符合 | L1067: 2 | M1067: 1 | N1067: 0 | O1067: 0 | P1067: 0 | Q1067: 0 | R1067: 0 | S1067: 0 | T1067: 0 | U1067: 1 | V1067: 0 | W1067: 0 | X1067: 0 | Y1067: 0 | Z1067: 0
A1068: 2053 | B1068: 臺北市立大學 | C1068: 歷史與地理學系 | D1068: 文史哲學群 | E1068: 國x1.50 歷x1.50 地x1.50 數Bx1.00 英x1.00 | F1068: 22 | G1068: 257.5 | H1068: =L1068*'114成績輸入與落點儀表板'!$B$2+M1068*'114成績輸入與落點儀表板'!$B$3+N1068*'114成績輸入與落點儀表板'!$B$4+O1068*'114成績輸入與落點儀表板'!$B$5+P1068*'114成績輸入與落點儀表板'!$B$6+Q1068*'114成績輸入與落點儀表板'!$B$7+R1068*'114成績輸入與落點儀表板'!$B$8+S1068*'114成績輸入與落點儀表板'!$B$9+T1068*'114成績輸入與落點儀表板'!$B$10+U1068*'114成績輸入與落點儀表板'!$B$11+V1068*'114成績輸入與落點儀表板'!$B$12+W1068*'114成績輸入與落點儀表板'!$B$13+X1068*'114成績輸入與落點儀表板'!$B$14+Y1068*'114成績輸入與落點儀表板'!$B$15+Z1068*'114成績輸入與落點儀表板'!$B$16 -> 0 | I1068: =IF(G1068="","",H1068-G1068) -> -257.5 | J1068: =IF(G1068="","無錄取資料",IF(I1068>=0,"PASS","FAIL")) -> FAIL | K1068: =IF(AND(IF('114成績輸入與落點儀表板'!$C$2="必須採計",L1068>0,IF('114成績輸入與落點儀表板'!$C$2="不可採計",L1068=0,TRUE)),IF('114成績輸入與落點儀表板'!$C$3="必須採計",M1068>0,IF('114成績輸入與落點儀表板'!$C$3="不可採計",M1068=0,TRUE)),IF('114成績輸入與落點儀表板'!$C$4="必須採計",N1068>0,IF('114成績輸入與落點儀表板'!$C$4="不可採計",N1068=0,TRUE)),IF('114成績輸入與落點儀表板'!$C$5="必須採計",O1068>0,IF('114成績輸入與落點儀表板'!$C$5="不可採計",O1068=0,TRUE)),IF('114成績輸入與落點儀表板'!$C$6="必須採計",P1068>0,IF('114成績輸入與落點儀表板'!$C$6="不可採計",P1068=0,TRUE)),IF('114成績輸入與落點儀表板'!$C$7="必須採計",Q1068>0,IF('114成績輸入與落點儀表板'!$C$7="不可採計",Q1068=0,TRUE)),IF('114成績輸入與落點儀表板'!$C$8="必須採計",R1068>0,IF('114成績輸入與落點儀表板'!$C$8="不可採計",R1068=0,TRUE)),IF('114成績輸入與落點儀表板'!$C$9="必須採計",S1068>0,IF('114成績輸入與落點儀表板'!$C$9="不可採計",S1068=0,TRUE)),IF('114成績輸入與落點儀表板'!$C$10="必須採計",T1068>0,IF('114成績輸入與落點儀表板'!$C$10="不可採計",T1068=0,TRUE)),IF('114成績輸入與落點儀表板'!$C$11="必須採計",U1068>0,IF('114成績輸入與落點儀表板'!$C$11="不可採計",U1068=0,TRUE)),IF('114成績輸入與落點儀表板'!$C$12="必須採計",V1068>0,IF('114成績輸入與落點儀表板'!$C$12="不可採計",V1068=0,TRUE)),IF('114成績輸入與落點儀表板'!$C$13="必須採計",W1068>0,IF('114成績輸入與落點儀表板'!$C$13="不可採計",W1068=0,TRUE)),IF('114成績輸入與落點儀表板'!$C$14="必須採計",X1068>0,IF('114成績輸入與落點儀表板'!$C$14="不可採計",X1068=0,TRUE)),IF('114成績輸入與落點儀表板'!$C$15="必須採計",Y1068>0,IF('114成績輸入與落點儀表板'!$C$15="不可採計",Y1068=0,TRUE)),IF('114成績輸入與落點儀表板'!$C$16="必須採計",Z1068>0,IF('114成績輸入與落點儀表板'!$C$16="不可採計",Z1068=0,TRUE))),"✅ 符合","❌ 不符合") -> ✅ 符合 | L1068: 1.5 | M1068: 1 | N1068: 0 | O1068: 0 | P1068: 0 | Q1068: 1 | R1068: 0 | S1068: 0 | T1068: 0 | U1068: 1.5 | V1068: 1.5 | W1068: 0 | X1068: 0 | Y1068: 0 | Z1068: 0
A1069: 2054 | B1069: 臺北市立大學 | C1069: 英語教學系 | D1069: 外語學群 | E1069: 英x2.00 國x1.25 數Bx1.00 地x1.00 | F1069: 15 | G1069: 193 | H1069: =L1069*'114成績輸入與落點儀表板'!$B$2+M1069*'114成績輸入與落點儀表板'!$B$3+N1069*'114成績輸入與落點儀表板'!$B$4+O1069*'114成績輸入與落點儀表板'!$B$5+P1069*'114成績輸入與落點儀表板'!$B$6+Q1069*'114成績輸入與落點儀表板'!$B$7+R1069*'114成績輸入與落點儀表板'!$B$8+S1069*'114成績輸入與落點儀表板'!$B$9+T1069*'114成績輸入與落點儀表板'!$B$10+U1069*'114成績輸入與落點儀表板'!$B$11+V1069*'114成績輸入與落點儀表板'!$B$12+W1069*'114成績輸入與落點儀表板'!$B$13+X1069*'114成績輸入與落點儀表板'!$B$14+Y1069*'114成績輸入與落點儀表板'!$B$15+Z1069*'114成績輸入與落點儀表板'!$B$16 -> 0 | I1069: =IF(G1069="","",H1069-G1069) -> -193 | J1069: =IF(G1069="","無錄取資料",IF(I1069>=0,"PASS","FAIL")) -> FAIL | K1069: =IF(AND(IF('114成績輸入與落點儀表板'!$C$2="必須採計",L1069>0,IF('114成績輸入與落點儀表板'!$C$2="不可採計",L1069=0,TRUE)),IF('114成績輸入與落點儀表板'!$C$3="必須採計",M1069>0,IF('114成績輸入與落點儀表板'!$C$3="不可採計",M1069=0,TRUE)),IF('114成績輸入與落點儀表板'!$C$4="必須採計",N1069>0,IF('114成績輸入與落點儀表板'!$C$4="不可採計",N1069=0,TRUE)),IF('114成績輸入與落點儀表板'!$C$5="必須採計",O1069>0,IF('114成績輸入與落點儀表板'!$C$5="不可採計",O1069=0,TRUE)),IF('114成績輸入與落點儀表板'!$C$6="必須採計",P1069>0,IF('114成績輸入與落點儀表板'!$C$6="不可採計",P1069=0,TRUE)),IF('114成績輸入與落點儀表板'!$C$7="必須採計",Q1069>0,IF('114成績輸入與落點儀表板'!$C$7="不可採計",Q1069=0,TRUE)),IF('114成績輸入與落點儀表板'!$C$8="必須採計",R1069>0,IF('114成績輸入與落點儀表板'!$C$8="不可採計",R1069=0,TRUE)),IF('114成績輸入與落點儀表板'!$C$9="必須採計",S1069>0,IF('114成績輸入與落點儀表板'!$C$9="不可採計",S1069=0,TRUE)),IF('114成績輸入與落點儀表板'!$C$10="必須採計",T1069>0,IF('114成績輸入與落點儀表板'!$C$10="不可採計",T1069=0,TRUE)),IF('114成績輸入與落點儀表板'!$C$11="必須採計",U1069>0,IF('114成績輸入與落點儀表板'!$C$11="不可採計",U1069=0,TRUE)),IF('114成績輸入與落點儀表板'!$C$12="必須採計",V1069>0,IF('114成績輸入與落點儀表板'!$C$12="不可採計",V1069=0,TRUE)),IF('114成績輸入與落點儀表板'!$C$13="必須採計",W1069>0,IF('114成績輸入與落點儀表板'!$C$13="不可採計",W1069=0,TRUE)),IF('114成績輸入與落點儀表板'!$C$14="必須採計",X1069>0,IF('114成績輸入與落點儀表板'!$C$14="不可採計",X1069=0,TRUE)),IF('114成績輸入與落點儀表板'!$C$15="必須採計",Y1069>0,IF('114成績輸入與落點儀表板'!$C$15="不可採計",Y1069=0,TRUE)),IF('114成績輸入與落點儀表板'!$C$16="必須採計",Z1069>0,IF('114成績輸入與落點儀表板'!$C$16="不可採計",Z1069=0,TRUE))),"✅ 符合","❌ 不符合") -> ✅ 符合 | L1069: 1.25 | M1069: 2 | N1069: 0 | O1069: 0 | P1069: 0 | Q1069: 1 | R1069: 0 | S1069: 0 | T1069: 0 | U1069: 0 | V1069: 1 | W1069: 0 | X1069: 0 | Y1069: 0 | Z1069: 0
A1070: 2055 | B1070: 臺北市立大學 | C1070: 社會暨公共事務學系 | D1070: 其他學群 | E1070: 公x2.00 國x1.50 英x1.50 歷x1.00 | F1070: 18 | G1070: 268 | H1070: =L1070*'114成績輸入與落點儀表板'!$B$2+M1070*'114成績輸入與落點儀表板'!$B$3+N1070*'114成績輸入與落點儀表板'!$B$4+O1070*'114成績輸入與落點儀表板'!$B$5+P1070*'114成績輸入與落點儀表板'!$B$6+Q1070*'114成績輸入與落點儀表板'!$B$7+R1070*'114成績輸入與落點儀表板'!$B$8+S1070*'114成績輸入與落點儀表板'!$B$9+T1070*'114成績輸入與落點儀表板'!$B$10+U1070*'114成績輸入與落點儀表板'!$B$11+V1070*'114成績輸入與落點儀表板'!$B$12+W1070*'114成績輸入與落點儀表板'!$B$13+X1070*'114成績輸入與落點儀表板'!$B$14+Y1070*'114成績輸入與落點儀表板'!$B$15+Z1070*'114成績輸入與落點儀表板'!$B$16 -> 0 | I1070: =IF(G1070="","",H1070-G1070) -> -268 | J1070: =IF(G1070="","無錄取資料",IF(I1070>=0,"PASS","FAIL")) -> FAIL | K1070: =IF(AND(IF('114成績輸入與落點儀表板'!$C$2="必須採計",L1070>0,IF('114成績輸入與落點儀表板'!$C$2="不可採計",L1070=0,TRUE)),IF('114成績輸入與落點儀表板'!$C$3="必須採計",M1070>0,IF('114成績輸入與落點儀表板'!$C$3="不可採計",M1070=0,TRUE)),IF('114成績輸入與落點儀表板'!$C$4="必須採計",N1070>0,IF('114成績輸入與落點儀表板'!$C$4="不可採計",N1070=0,TRUE)),IF('114成績輸入與落點儀表板'!$C$5="必須採計",O1070>0,IF('114成績輸入與落點儀表板'!$C$5="不可採計",O1070=0,TRUE)),IF('114成績輸入與落點儀表板'!$C$6="必須採計",P1070>0,IF('114成績輸入與落點儀表板'!$C$6="不可採計",P1070=0,TRUE)),IF('114成績輸入與落點儀表板'!$C$7="必須採計",Q1070>0,IF('114成績輸入與落點儀表板'!$C$7="不可採計",Q1070=0,TRUE)),IF('114成績輸入與落點儀表板'!$C$8="必須採計",R1070>0,IF('114成績輸入與落點儀表板'!$C$8="不可採計",R1070=0,TRUE)),IF('114成績輸入與落點儀表板'!$C$9="必須採計",S1070>0,IF('114成績輸入與落點儀表板'!$C$9="不可採計",S1070=0,TRUE)),IF('114成績輸入與落點儀表板'!$C$10="必須採計",T1070>0,IF('114成績輸入與落點儀表板'!$C$10="不可採計",T1070=0,TRUE)),IF('114成績輸入與落點儀表板'!$C$11="必須採計",U1070>0,IF('114成績輸入與落點儀表板'!$C$11="不可採計",U1070=0,TRUE)),IF('114成績輸入與落點儀表板'!$C$12="必須採計",V1070>0,IF('114成績輸入與落點儀表板'!$C$12="不可採計",V1070=0,TRUE)),IF('114成績輸入與落點儀表板'!$C$13="必須採計",W1070>0,IF('114成績輸入與落點儀表板'!$C$13="不可採計",W1070=0,TRUE)),IF('114成績輸入與落點儀表板'!$C$14="必須採計",X1070>0,IF('114成績輸入與落點儀表板'!$C$14="不可採計",X1070=0,TRUE)),IF('114成績輸入與落點儀表板'!$C$15="必須採計",Y1070>0,IF('114成績輸入與落點儀表板'!$C$15="不可採計",Y1070=0,TRUE)),IF('114成績輸入與落點儀表板'!$C$16="必須採計",Z1070>0,IF('114成績輸入與落點儀表板'!$C$16="不可採計",Z1070=0,TRUE))),"✅ 符合","❌ 不符合") -> ✅ 符合 | L1070: 1.5 | M1070: 1.5 | N1070: 0 | O1070: 0 | P1070: 0 | Q1070: 0 | R1070: 0 | S1070: 0 | T1070: 0 | U1070: 1 | V1070: 0 | W1070: 2 | X1070: 0 | Y1070: 0 | Z1070: 0
A1071: 2056 | B1071: 臺北市立大學 | C1071: 音樂學系 | D1071: 藝術與體育學群 | E1071: 術x2.00 英x1.00 國x1.00 歷x1.00 | F1071: 2 | G1071: 279.34 | H1071: =L1071*'114成績輸入與落點儀表板'!$B$2+M1071*'114成績輸入與落點儀表板'!$B$3+N1071*'114成績輸入與落點儀表板'!$B$4+O1071*'114成績輸入與落點儀表板'!$B$5+P1071*'114成績輸入與落點儀表板'!$B$6+Q1071*'114成績輸入與落點儀表板'!$B$7+R1071*'114成績輸入與落點儀表板'!$B$8+S1071*'114成績輸入與落點儀表板'!$B$9+T1071*'114成績輸入與落點儀表板'!$B$10+U1071*'114成績輸入與落點儀表板'!$B$11+V1071*'114成績輸入與落點儀表板'!$B$12+W1071*'114成績輸入與落點儀表板'!$B$13+X1071*'114成績輸入與落點儀表板'!$B$14+Y1071*'114成績輸入與落點儀表板'!$B$15+Z1071*'114成績輸入與落點儀表板'!$B$16 -> 0 | I1071: =IF(G1071="","",H1071-G1071) -> -279.34 | J1071: =IF(G1071="","無錄取資料",IF(I1071>=0,"PASS","FAIL")) -> FAIL | K1071: =IF(AND(IF('114成績輸入與落點儀表板'!$C$2="必須採計",L1071>0,IF('114成績輸入與落點儀表板'!$C$2="不可採計",L1071=0,TRUE)),IF('114成績輸入與落點儀表板'!$C$3="必須採計",M1071>0,IF('114成績輸入與落點儀表板'!$C$3="不可採計",M1071=0,TRUE)),IF('114成績輸入與落點儀表板'!$C$4="必須採計",N1071>0,IF('114成績輸入與落點儀表板'!$C$4="不可採計",N1071=0,TRUE)),IF('114成績輸入與落點儀表板'!$C$5="必須採計",O1071>0,IF('114成績輸入與落點儀表板'!$C$5="不可採計",O1071=0,TRUE)),IF('114成績輸入與落點儀表板'!$C$6="必須採計",P1071>0,IF('114成績輸入與落點儀表板'!$C$6="不可採計",P1071=0,TRUE)),IF('114成績輸入與落點儀表板'!$C$7="必須採計",Q1071>0,IF('114成績輸入與落點儀表板'!$C$7="不可採計",Q1071=0,TRUE)),IF('114成績輸入與落點儀表板'!$C$8="必須採計",R1071>0,IF('114成績輸入與落點儀表板'!$C$8="不可採計",R1071=0,TRUE)),IF('114成績輸入與落點儀表板'!$C$9="必須採計",S1071>0,IF('114成績輸入與落點儀表板'!$C$9="不可採計",S1071=0,TRUE)),IF('114成績輸入與落點儀表板'!$C$10="必須採計",T1071>0,IF('114成績輸入與落點儀表板'!$C$10="不可採計",T1071=0,TRUE)),IF('114成績輸入與落點儀表板'!$C$11="必須採計",U1071>0,IF('114成績輸入與落點儀表板'!$C$11="不可採計",U1071=0,TRUE)),IF('114成績輸入與落點儀表板'!$C$12="必須採計",V1071>0,IF('114成績輸入與落點儀表板'!$C$12="不可採計",V1071=0,TRUE)),IF('114成績輸入與落點儀表板'!$C$13="必須採計",W1071>0,IF('114成績輸入與落點儀表板'!$C$13="不可採計",W1071=0,TRUE)),IF('114成績輸入與落點儀表板'!$C$14="必須採計",X1071>0,IF('114成績輸入與落點儀表板'!$C$14="不可採計",X1071=0,TRUE)),IF('114成績輸入與落點儀表板'!$C$15="必須採計",Y1071>0,IF('114成績輸入與落點儀表板'!$C$15="不可採計",Y1071=0,TRUE)),IF('114成績輸入與落點儀表板'!$C$16="必須採計",Z1071>0,IF('114成績輸入與落點儀表板'!$C$16="不可採計",Z1071=0,TRUE))),"✅ 符合","❌ 不符合") -> ✅ 符合 | L1071: 1 | M1071: 1 | N1071: 0 | O1071: 0 | P1071: 0 | Q1071: 0 | R1071: 0 | S1071: 0 | T1071: 0 | U1071: 1 | V1071: 0 | W1071: 0 | X1071: 0 | Y1071: 0 | Z1071: 2
... A1211: 2272 | B1211: 大葉大學 | C1211: 企業管理學系(數位行銷組) | D1211: 財經管理學群 | E1211: 國x2.00 英x1.75 地x2.00 | F1211: 1 | G1211: 123 | H1211: =L1211*'114成績輸入與落點儀表板'!$B$2+M1211*'114成績輸入與落點儀表板'!$B$3+N1211*'114成績輸入與落點儀表板'!$B$4+O1211*'114成績輸入與落點儀表板'!$B$5+P1211*'114成績輸入與落點儀表板'!$B$6+Q1211*'114成績輸入與落點儀表板'!$B$7+R1211*'114成績輸入與落點儀表板'!$B$8+S1211*'114成績輸入與落點儀表板'!$B$9+T1211*'114成績輸入與落點儀表板'!$B$10+U1211*'114成績輸入與落點儀表板'!$B$11+V1211*'114成績輸入與落點儀表板'!$B$12+W1211*'114成績輸入與落點儀表板'!$B$13+X1211*'114成績輸入與落點儀表板'!$B$14+Y1211*'114成績輸入與落點儀表板'!$B$15+Z1211*'114成績輸入與落點儀表板'!$B$16 -> 0 | I1211: =IF(G1211="","",H1211-G1211) -> -123 | J1211: =IF(G1211="","無錄取資料",IF(I1211>=0,"PASS","FAIL")) -> FAIL | K1211: =IF(AND(IF('114成績輸入與落點儀表板'!$C$2="必須採計",L1211>0,IF('114成績輸入與落點儀表板'!$C$2="不可採計",L1211=0,TRUE)),IF('114成績輸入與落點儀表板'!$C$3="必須採計",M1211>0,IF('114成績輸入與落點儀表板'!$C$3="不可採計",M1211=0,TRUE)),IF('114成績輸入與落點儀表板'!$C$4="必須採計",N1211>0,IF('114成績輸入與落點儀表板'!$C$4="不可採計",N1211=0,TRUE)),IF('114成績輸入與落點儀表板'!$C$5="必須採計",O1211>0,IF('114成績輸入與落點儀表板'!$C$5="不可採計",O1211=0,TRUE)),IF('114成績輸入與落點儀表板'!$C$6="必須採計",P1211>0,IF('114成績輸入與落點儀表板'!$C$6="不可採計",P1211=0,TRUE)),IF('114成績輸入與落點儀表板'!$C$7="必須採計",Q1211>0,IF('114成績輸入與落點儀表板'!$C$7="不可採計",Q1211=0,TRUE)),IF('114成績輸入與落點儀表板'!$C$8="必須採計",R1211>0,IF('114成績輸入與落點儀表板'!$C$8="不可採計",R1211=0,TRUE)),IF('114成績輸入與落點儀表板'!$C$9="必須採計",S1211>0,IF('114成績輸入與落點儀表板'!$C$9="不可採計",S1211=0,TRUE)),IF('114成績輸入與落點儀表板'!$C$10="必須採計",T1211>0,IF('114成績輸入與落點儀表板'!$C$10="不可採計",T1211=0,TRUE)),IF('114成績輸入與落點儀表板'!$C$11="必須採計",U1211>0,IF('114成績輸入與落點儀表板'!$C$11="不可採計",U1211=0,TRUE)),IF('114成績輸入與落點儀表板'!$C$12="必須採計",V1211>0,IF('114成績輸入與落點儀表板'!$C$12="不可採計",V1211=0,TRUE)),IF('114成績輸入與落點儀表板'!$C$13="必須採計",W1211>0,IF('114成績輸入與落點儀表板'!$C$13="不可採計",W1211=0,TRUE)),IF('114成績輸入與落點儀表板'!$C$14="必須採計",X1211>0,IF('114成績輸入與落點儀表板'!$C$14="不可採計",X1211=0,TRUE)),IF('114成績輸入與落點儀表板'!$C$15="必須採計",Y1211>0,IF('114成績輸入與落點儀表板'!$C$15="不可採計",Y1211=0,TRUE)),IF('114成績輸入與落點儀表板'!$C$16="必須採計",Z1211>0,IF('114成績輸入與落點儀表板'!$C$16="不可採計",Z1211=0,TRUE))),"✅ 符合","❌ 不符合") -> ✅ 符合 | L1211: 2 | M1211: 1.75 | N1211: 0 | O1211: 0 | P1211: 0 | Q1211: 0 | R1211: 0 | S1211: 0 | T1211: 0 | U1211: 0 | V1211: 2 | W1211: 0 | X1211: 0 | Y1211: 0 | Z1211: 0
A1212: 2273 | B1212: 大葉大學 | C1212: 會計與資訊管理學系(人工智慧商業應用組) | D1212: 資訊學群 | E1212: 國x2.00 英x2.00 歷x1.75 | F1212: 0 | H1212: =L1212*'114成績輸入與落點儀表板'!$B$2+M1212*'114成績輸入與落點儀表板'!$B$3+N1212*'114成績輸入與落點儀表板'!$B$4+O1212*'114成績輸入與落點儀表板'!$B$5+P1212*'114成績輸入與落點儀表板'!$B$6+Q1212*'114成績輸入與落點儀表板'!$B$7+R1212*'114成績輸入與落點儀表板'!$B$8+S1212*'114成績輸入與落點儀表板'!$B$9+T1212*'114成績輸入與落點儀表板'!$B$10+U1212*'114成績輸入與落點儀表板'!$B$11+V1212*'114成績輸入與落點儀表板'!$B$12+W1212*'114成績輸入與落點儀表板'!$B$13+X1212*'114成績輸入與落點儀表板'!$B$14+Y1212*'114成績輸入與落點儀表板'!$B$15+Z1212*'114成績輸入與落點儀表板'!$B$16 -> 0 | I1212: =IF(G1212="","",H1212-G1212) | J1212: =IF(G1212="","無錄取資料",IF(I1212>=0,"PASS","FAIL")) -> 無錄取資料 | K1212: =IF(AND(IF('114成績輸入與落點儀表板'!$C$2="必須採計",L1212>0,IF('114成績輸入與落點儀表板'!$C$2="不可採計",L1212=0,TRUE)),IF('114成績輸入與落點儀表板'!$C$3="必須採計",M1212>0,IF('114成績輸入與落點儀表板'!$C$3="不可採計",M1212=0,TRUE)),IF('114成績輸入與落點儀表板'!$C$4="必須採計",N1212>0,IF('114成績輸入與落點儀表板'!$C$4="不可採計",N1212=0,TRUE)),IF('114成績輸入與落點儀表板'!$C$5="必須採計",O1212>0,IF('114成績輸入與落點儀表板'!$C$5="不可採計",O1212=0,TRUE)),IF('114成績輸入與落點儀表板'!$C$6="必須採計",P1212>0,IF('114成績輸入與落點儀表板'!$C$6="不可採計",P1212=0,TRUE)),IF('114成績輸入與落點儀表板'!$C$7="必須採計",Q1212>0,IF('114成績輸入與落點儀表板'!$C$7="不可採計",Q1212=0,TRUE)),IF('114成績輸入與落點儀表板'!$C$8="必須採計",R1212>0,IF('114成績輸入與落點儀表板'!$C$8="不可採計",R1212=0,TRUE)),IF('114成績輸入與落點儀表板'!$C$9="必須採計",S1212>0,IF('114成績輸入與落點儀表板'!$C$9="不可採計",S1212=0,TRUE)),IF('114成績輸入與落點儀表板'!$C$10="必須採計",T1212>0,IF('114成績輸入與落點儀表板'!$C$10="不可採計",T1212=0,TRUE)),IF('114成績輸入與落點儀表板'!$C$11="必須採計",U1212>0,IF('114成績輸入與落點儀表板'!$C$11="不可採計",U1212=0,TRUE)),IF('114成績輸入與落點儀表板'!$C$12="必須採計",V1212>0,IF('114成績輸入與落點儀表板'!$C$12="不可採計",V1212=0,TRUE)),IF('114成績輸入與落點儀表板'!$C$13="必須採計",W1212>0,IF('114成績輸入與落點儀表板'!$C$13="不可採計",W1212=0,TRUE)),IF('114成績輸入與落點儀表板'!$C$14="必須採計",X1212>0,IF('114成績輸入與落點儀表板'!$C$14="不可採計",X1212=0,TRUE)),IF('114成績輸入與落點儀表板'!$C$15="必須採計",Y1212>0,IF('114成績輸入與落點儀表板'!$C$15="不可採計",Y1212=0,TRUE)),IF('114成績輸入與落點儀表板'!$C$16="必須採計",Z1212>0,IF('114成績輸入與落點儀表板'!$C$16="不可採計",Z1212=0,TRUE))),"✅ 符合","❌ 不符合") -> ✅ 符合 | L1212: 2 | M1212: 2 | N1212: 0 | O1212: 0 | P1212: 0 | Q1212: 0 | R1212: 0 | S1212: 0 | T1212: 0 | U1212: 1.75 | V1212: 0 | W1212: 0 | X1212: 0 | Y1212: 0 | Z1212: 0
A1213: 2274 | B1213: 大葉大學 | C1213: 會計與資訊管理學系(人工智慧科技管理組) | D1213: 資訊學群 | E1213: 國x2.00 英x2.00 物x1.75 | F1213: 8 | G1213: 91.75 | H1213: =L1213*'114成績輸入與落點儀表板'!$B$2+M1213*'114成績輸入與落點儀表板'!$B$3+N1213*'114成績輸入與落點儀表板'!$B$4+O1213*'114成績輸入與落點儀表板'!$B$5+P1213*'114成績輸入與落點儀表板'!$B$6+Q1213*'114成績輸入與落點儀表板'!$B$7+R1213*'114成績輸入與落點儀表板'!$B$8+S1213*'114成績輸入與落點儀表板'!$B$9+T1213*'114成績輸入與落點儀表板'!$B$10+U1213*'114成績輸入與落點儀表板'!$B$11+V1213*'114成績輸入與落點儀表板'!$B$12+W1213*'114成績輸入與落點儀表板'!$B$13+X1213*'114成績輸入與落點儀表板'!$B$14+Y1213*'114成績輸入與落點儀表板'!$B$15+Z1213*'114成績輸入與落點儀表板'!$B$16 -> 0 | I1213: =IF(G1213="","",H1213-G1213) -> -91.75 | J1213: =IF(G1213="","無錄取資料",IF(I1213>=0,"PASS","FAIL")) -> FAIL | K1213: =IF(AND(IF('114成績輸入與落點儀表板'!$C$2="必須採計",L1213>0,IF('114成績輸入與落點儀表板'!$C$2="不可採計",L1213=0,TRUE)),IF('114成績輸入與落點儀表板'!$C$3="必須採計",M1213>0,IF('114成績輸入與落點儀表板'!$C$3="不可採計",M1213=0,TRUE)),IF('114成績輸入與落點儀表板'!$C$4="必須採計",N1213>0,IF('114成績輸入與落點儀表板'!$C$4="不可採計",N1213=0,TRUE)),IF('114成績輸入與落點儀表板'!$C$5="必須採計",O1213>0,IF('114成績輸入與落點儀表板'!$C$5="不可採計",O1213=0,TRUE)),IF('114成績輸入與落點儀表板'!$C$6="必須採計",P1213>0,IF('114成績輸入與落點儀表板'!$C$6="不可採計",P1213=0,TRUE)),IF('114成績輸入與落點儀表板'!$C$7="必須採計",Q1213>0,IF('114成績輸入與落點儀表板'!$C$7="不可採計",Q1213=0,TRUE)),IF('114成績輸入與落點儀表板'!$C$8="必須採計",R1213>0,IF('114成績輸入與落點儀表板'!$C$8="不可採計",R1213=0,TRUE)),IF('114成績輸入與落點儀表板'!$C$9="必須採計",S1213>0,IF('114成績輸入與落點儀表板'!$C$9="不可採計",S1213=0,TRUE)),IF('114成績輸入與落點儀表板'!$C$10="必須採計",T1213>0,IF('114成績輸入與落點儀表板'!$C$10="不可採計",T1213=0,TRUE)),IF('114成績輸入與落點儀表板'!$C$11="必須採計",U1213>0,IF('114成績輸入與落點儀表板'!$C$11="不可採計",U1213=0,TRUE)),IF('114成績輸入與落點儀表板'!$C$12="必須採計",V1213>0,IF('114成績輸入與落點儀表板'!$C$12="不可採計",V1213=0,TRUE)),IF('114成績輸入與落點儀表板'!$C$13="必須採計",W1213>0,IF('114成績輸入與落點儀表板'!$C$13="不可採計",W1213=0,TRUE)),IF('114成績輸入與落點儀表板'!$C$14="必須採計",X1213>0,IF('114成績輸入與落點儀表板'!$C$14="不可採計",X1213=0,TRUE)),IF('114成績輸入與落點儀表板'!$C$15="必須採計",Y1213>0,IF('114成績輸入與落點儀表板'!$C$15="不可採計",Y1213=0,TRUE)),IF('114成績輸入與落點儀表板'!$C$16="必須採計",Z1213>0,IF('114成績輸入與落點儀表板'!$C$16="不可採計",Z1213=0,TRUE))),"✅ 符合","❌ 不符合") -> ✅ 符合 | L1213: 2 | M1213: 2 | N1213: 0 | O1213: 0 | P1213: 0 | Q1213: 0 | R1213: 1.75 | S1213: 0 | T1213: 0 | U1213: 0 | V1213: 0 | W1213: 0 | X1213: 0 | Y1213: 0 | Z1213: 0
A1214: 2275 | B1214: 大葉大學 | C1214: 會計與資訊管理學系(會計管理組) | D1214: 資訊學群 | E1214: 國x2.00 歷x2.00 地x1.75 | F1214: 0 | H1214: =L1214*'114成績輸入與落點儀表板'!$B$2+M1214*'114成績輸入與落點儀表板'!$B$3+N1214*'114成績輸入與落點儀表板'!$B$4+O1214*'114成績輸入與落點儀表板'!$B$5+P1214*'114成績輸入與落點儀表板'!$B$6+Q1214*'114成績輸入與落點儀表板'!$B$7+R1214*'114成績輸入與落點儀表板'!$B$8+S1214*'114成績輸入與落點儀表板'!$B$9+T1214*'114成績輸入與落點儀表板'!$B$10+U1214*'114成績輸入與落點儀表板'!$B$11+V1214*'114成績輸入與落點儀表板'!$B$12+W1214*'114成績輸入與落點儀表板'!$B$13+X1214*'114成績輸入與落點儀表板'!$B$14+Y1214*'114成績輸入與落點儀表板'!$B$15+Z1214*'114成績輸入與落點儀表板'!$B$16 -> 0 | I1214: =IF(G1214="","",H1214-G1214) | J1214: =IF(G1214="","無錄取資料",IF(I1214>=0,"PASS","FAIL")) -> 無錄取資料 | K1214: =IF(AND(IF('114成績輸入與落點儀表板'!$C$2="必須採計",L1214>0,IF('114成績輸入與落點儀表板'!$C$2="不可採計",L1214=0,TRUE)),IF('114成績輸入與落點儀表板'!$C$3="必須採計",M1214>0,IF('114成績輸入與落點儀表板'!$C$3="不可採計",M1214=0,TRUE)),IF('114成績輸入與落點儀表板'!$C$4="必須採計",N1214>0,IF('114成績輸入與落點儀表板'!$C$4="不可採計",N1214=0,TRUE)),IF('114成績輸入與落點儀表板'!$C$5="必須採計",O1214>0,IF('114成績輸入與落點儀表板'!$C$5="不可採計",O1214=0,TRUE)),IF('114成績輸入與落點儀表板'!$C$6="必須採計",P1214>0,IF('114成績輸入與落點儀表板'!$C$6="不可採計",P1214=0,TRUE)),IF('114成績輸入與落點儀表板'!$C$7="必須採計",Q1214>0,IF('114成績輸入與落點儀表板'!$C$7="不可採計",Q1214=0,TRUE)),IF('114成績輸入與落點儀表板'!$C$8="必須採計",R1214>0,IF('114成績輸入與落點儀表板'!$C$8="不可採計",R1214=0,TRUE)),IF('114成績輸入與落點儀表板'!$C$9="必須採計",S1214>0,IF('114成績輸入與落點儀表板'!$C$9="不可採計",S1214=0,TRUE)),IF('114成績輸入與落點儀表板'!$C$10="必須採計",T1214>0,IF('114成績輸入與落點儀表板'!$C$10="不可採計",T1214=0,TRUE)),IF('114成績輸入與落點儀表板'!$C$11="必須採計",U1214>0,IF('114成績輸入與落點儀表板'!$C$11="不可採計",U1214=0,TRUE)),IF('114成績輸入與落點儀表板'!$C$12="必須採計",V1214>0,IF('114成績輸入與落點儀表板'!$C$12="不可採計",V1214=0,TRUE)),IF('114成績輸入與落點儀表板'!$C$13="必須採計",W1214>0,IF('114成績輸入與落點儀表板'!$C$13="不可採計",W1214=0,TRUE)),IF('114成績輸入與落點儀表板'!$C$14="必須採計",X1214>0,IF('114成績輸入與落點儀表板'!$C$14="不可採計",X1214=0,TRUE)),IF('114成績輸入與落點儀表板'!$C$15="必須採計",Y1214>0,IF('114成績輸入與落點儀表板'!$C$15="不可採計",Y1214=0,TRUE)),IF('114成績輸入與落點儀表板'!$C$16="必須採計",Z1214>0,IF('114成績輸入與落點儀表板'!$C$16="不可採計",Z1214=0,TRUE))),"✅ 符合","❌ 不符合") -> ✅ 符合 | L1214: 2 | M1214: 0 | N1214: 0 | O1214: 0 | P1214: 0 | Q1214: 0 | R1214: 0 | S1214: 0 | T1214: 0 | U1214: 2 | V1214: 1.75 | W1214: 0 | X1214: 0 | Y1214: 0 | Z1214: 0
A1215: 2276 | B1215: 大葉大學 | C1215: 會計與資訊管理學系(投資理財組) | D1215: 資訊學群 | E1215: 國x2.00 社x2.00 歷x1.75 | F1215: 1 | G1215: 203 | H1215: =L1215*'114成績輸入與落點儀表板'!$B$2+M1215*'114成績輸入與落點儀表板'!$B$3+N1215*'114成績輸入與落點儀表板'!$B$4+O1215*'114成績輸入與落點儀表板'!$B$5+P1215*'114成績輸入與落點儀表板'!$B$6+Q1215*'114成績輸入與落點儀表板'!$B$7+R1215*'114成績輸入與落點儀表板'!$B$8+S1215*'114成績輸入與落點儀表板'!$B$9+T1215*'114成績輸入與落點儀表板'!$B$10+U1215*'114成績輸入與落點儀表板'!$B$11+V1215*'114成績輸入與落點儀表板'!$B$12+W1215*'114成績輸入與落點儀表板'!$B$13+X1215*'114成績輸入與落點儀表板'!$B$14+Y1215*'114成績輸入與落點儀表板'!$B$15+Z1215*'114成績輸入與落點儀表板'!$B$16 -> 0 | I1215: =IF(G1215="","",H1215-G1215) -> -203 | J1215: =IF(G1215="","無錄取資料",IF(I1215>=0,"PASS","FAIL")) -> FAIL | K1215: =IF(AND(IF('114成績輸入與落點儀表板'!$C$2="必須採計",L1215>0,IF('114成績輸入與落點儀表板'!$C$2="不可採計",L1215=0,TRUE)),IF('114成績輸入與落點儀表板'!$C$3="必須採計",M1215>0,IF('114成績輸入與落點儀表板'!$C$3="不可採計",M1215=0,TRUE)),IF('114成績輸入與落點儀表板'!$C$4="必須採計",N1215>0,IF('114成績輸入與落點儀表板'!$C$4="不可採計",N1215=0,TRUE)),IF('114成績輸入與落點儀表板'!$C$5="必須採計",O1215>0,IF('114成績輸入與落點儀表板'!$C$5="不可採計",O1215=0,TRUE)),IF('114成績輸入與落點儀表板'!$C$6="必須採計",P1215>0,IF('114成績輸入與落點儀表板'!$C$6="不可採計",P1215=0,TRUE)),IF('114成績輸入與落點儀表板'!$C$7="必須採計",Q1215>0,IF('114成績輸入與落點儀表板'!$C$7="不可採計",Q1215=0,TRUE)),IF('114成績輸入與落點儀表板'!$C$8="必須採計",R1215>0,IF('114成績輸入與落點儀表板'!$C$8="不可採計",R1215=0,TRUE)),IF('114成績輸入與落點儀表板'!$C$9="必須採計",S1215>0,IF('114成績輸入與落點儀表板'!$C$9="不可採計",S1215=0,TRUE)),IF('114成績輸入與落點儀表板'!$C$10="必須採計",T1215>0,IF('114成績輸入與落點儀表板'!$C$10="不可採計",T1215=0,TRUE)),IF('114成績輸入與落點儀表板'!$C$11="必須採計",U1215>0,IF('114成績輸入與落點儀表板'!$C$11="不可採計",U1215=0,TRUE)),IF('114成績輸入與落點儀表板'!$C$12="必須採計",V1215>0,IF('114成績輸入與落點儀表板'!$C$12="不可採計",V1215=0,TRUE)),IF('114成績輸入與落點儀表板'!$C$13="必須採計",W1215>0,IF('114成績輸入與落點儀表板'!$C$13="不可採計",W1215=0,TRUE)),IF('114成績輸入與落點儀表板'!$C$14="必須採計",X1215>0,IF('114成績輸入與落點儀表板'!$C$14="不可採計",X1215=0,TRUE)),IF('114成績輸入與落點儀表板'!$C$15="必須採計",Y1215>0,IF('114成績輸入與落點儀表板'!$C$15="不可採計",Y1215=0,TRUE)),IF('114成績輸入與落點儀表板'!$C$16="必須採計",Z1215>0,IF('114成績輸入與落點儀表板'!$C$16="不可採計",Z1215=0,TRUE))),"✅ 符合","❌ 不符合") -> ✅ 符合 | L1215: 2 | M1215: 0 | N1215: 0 | O1215: 0 | P1215: 0 | Q1215: 0 | R1215: 0 | S1215: 0 | T1215: 0 | U1215: 1.75 | V1215: 0 | W1215: 0 | X1215: 2 | Y1215: 0 | Z1215: 0
A1216: 2277 | B1216: 大葉大學 | C1216: 財務金融學系(智慧投資組) | D1216: 財經管理學群 | E1216: 國x2.00 公x2.00 英x1.00 | F1216: 7 | G1216: 98 | H1216: =L1216*'114成績輸入與落點儀表板'!$B$2+M1216*'114成績輸入與落點儀表板'!$B$3+N1216*'114成績輸入與落點儀表板'!$B$4+O1216*'114成績輸入與落點儀表板'!$B$5+P1216*'114成績輸入與落點儀表板'!$B$6+Q1216*'114成績輸入與落點儀表板'!$B$7+R1216*'114成績輸入與落點儀表板'!$B$8+S1216*'114成績輸入與落點儀表板'!$B$9+T1216*'114成績輸入與落點儀表板'!$B$10+U1216*'114成績輸入與落點儀表板'!$B$11+V1216*'114成績輸入與落點儀表板'!$B$12+W1216*'114成績輸入與落點儀表板'!$B$13+X1216*'114成績輸入與落點儀表板'!$B$14+Y1216*'114成績輸入與落點儀表板'!$B$15+Z1216*'114成績輸入與落點儀表板'!$B$16 -> 0 | I1216: =IF(G1216="","",H1216-G1216) -> -98 | J1216: =IF(G1216="","無錄取資料",IF(I1216>=0,"PASS","FAIL")) -> FAIL | K1216: =IF(AND(IF('114成績輸入與落點儀表板'!$C$2="必須採計",L1216>0,IF('114成績輸入與落點儀表板'!$C$2="不可採計",L1216=0,TRUE)),IF('114成績輸入與落點儀表板'!$C$3="必須採計",M1216>0,IF('114成績輸入與落點儀表板'!$C$3="不可採計",M1216=0,TRUE)),IF('114成績輸入與落點儀表板'!$C$4="必須採計",N1216>0,IF('114成績輸入與落點儀表板'!$C$4="不可採計",N1216=0,TRUE)),IF('114成績輸入與落點儀表板'!$C$5="必須採計",O1216>0,IF('114成績輸入與落點儀表板'!$C$5="不可採計",O1216=0,TRUE)),IF('114成績輸入與落點儀表板'!$C$6="必須採計",P1216>0,IF('114成績輸入與落點儀表板'!$C$6="不可採計",P1216=0,TRUE)),IF('114成績輸入與落點儀表板'!$C$7="必須採計",Q1216>0,IF('114成績輸入與落點儀表板'!$C$7="不可採計",Q1216=0,TRUE)),IF('114成績輸入與落點儀表板'!$C$8="必須採計",R1216>0,IF('114成績輸入與落點儀表板'!$C$8="不可採計",R1216=0,TRUE)),IF('114成績輸入與落點儀表板'!$C$9="必須採計",S1216>0,IF('114成績輸入與落點儀表板'!$C$9="不可採計",S1216=0,TRUE)),IF('114成績輸入與落點儀表板'!$C$10="必須採計",T1216>0,IF('114成績輸入與落點儀表板'!$C$10="不可採計",T1216=0,TRUE)),IF('114成績輸入與落點儀表板'!$C$11="必須採計",U1216>0,IF('114成績輸入與落點儀表板'!$C$11="不可採計",U1216=0,TRUE)),IF('114成績輸入與落點儀表板'!$C$12="必須採計",V1216>0,IF('114成績輸入與落點儀表板'!$C$12="不可採計",V1216=0,TRUE)),IF('114成績輸入與落點儀表板'!$C$13="必須採計",W1216>0,IF('114成績輸入與落點儀表板'!$C$13="不可採計",W1216=0,TRUE)),IF('114成績輸入與落點儀表板'!$C$14="必須採計",X1216>0,IF('114成績輸入與落點儀表板'!$C$14="不可採計",X1216=0,TRUE)),IF('114成績輸入與落點儀表板'!$C$15="必須採計",Y1216>0,IF('114成績輸入與落點儀表板'!$C$15="不可採計",Y1216=0,TRUE)),IF('114成績輸入與落點儀表板'!$C$16="必須採計",Z1216>0,IF('114成績輸入與落點儀表板'!$C$16="不可採計",Z1216=0,TRUE))),"✅ 符合","❌ 不符合") -> ✅ 符合 | L1216: 2 | M1216: 1 | N1216: 0 | O1216: 0 | P1216: 0 | Q1216: 0 | R1216: 0 | S1216: 0 | T1216: 0 | U1216: 0 | V1216: 0 | W1216: 2 | X1216: 0 | Y1216: 0 | Z1216: 0
A1217: 2300 | B1217: 大葉大學 | C1217: 設計學系 | D1217: 藝術與體育學群 | E1217: 國x2.00 歷x2.00 英x1.00 | F1217: 1 | G1217: 113 | H1217: =L1217*'114成績輸入與落點儀表板'!$B$2+M1217*'114成績輸入與落點儀表板'!$B$3+N1217*'114成績輸入與落點儀表板'!$B$4+O1217*'114成績輸入與落點儀表板'!$B$5+P1217*'114成績輸入與落點儀表板'!$B$6+Q1217*'114成績輸入與落點儀表板'!$B$7+R1217*'114成績輸入與落點儀表板'!$B$8+S1217*'114成績輸入與落點儀表板'!$B$9+T1217*'114成績輸入與落點儀表板'!$B$10+U1217*'114成績輸入與落點儀表板'!$B$11+V1217*'114成績輸入與落點儀表板'!$B$12+W1217*'114成績輸入與落點儀表板'!$B$13+X1217*'114成績輸入與落點儀表板'!$B$14+Y1217*'114成績輸入與落點儀表板'!$B$15+Z1217*'114成績輸入與落點儀表板'!$B$16 -> 0 | I1217: =IF(G1217="","",H1217-G1217) -> -113 | J1217: =IF(G1217="","無錄取資料",IF(I1217>=0,"PASS","FAIL")) -> FAIL | K1217: =IF(AND(IF('114成績輸入與落點儀表板'!$C$2="必須採計",L1217>0,IF('114成績輸入與落點儀表板'!$C$2="不可採計",L1217=0,TRUE)),IF('114成績輸入與落點儀表板'!$C$3="必須採計",M1217>0,IF('114成績輸入與落點儀表板'!$C$3="不可採計",M1217=0,TRUE)),IF('114成績輸入與落點儀表板'!$C$4="必須採計",N1217>0,IF('114成績輸入與落點儀表板'!$C$4="不可採計",N1217=0,TRUE)),IF('114成績輸入與落點儀表板'!$C$5="必須採計",O1217>0,IF('114成績輸入與落點儀表板'!$C$5="不可採計",O1217=0,TRUE)),IF('114成績輸入與落點儀表板'!$C$6="必須採計",P1217>0,IF('114成績輸入與落點儀表板'!$C$6="不可採計",P1217=0,TRUE)),IF('114成績輸入與落點儀表板'!$C$7="必須採計",Q1217>0,IF('114成績輸入與落點儀表板'!$C$7="不可採計",Q1217=0,TRUE)),IF('114成績輸入與落點儀表板'!$C$8="必須採計",R1217>0,IF('114成績輸入與落點儀表板'!$C$8="不可採計",R1217=0,TRUE)),IF('114成績輸入與落點儀表板'!$C$9="必須採計",S1217>0,IF('114成績輸入與落點儀表板'!$C$9="不可採計",S1217=0,TRUE)),IF('114成績輸入與落點儀表板'!$C$10="必須採計",T1217>0,IF('114成績輸入與落點儀表板'!$C$10="不可採計",T1217=0,TRUE)),IF('114成績輸入與落點儀表板'!$C$11="必須採計",U1217>0,IF('114成績輸入與落點儀表板'!$C$11="不可採計",U1217=0,TRUE)),IF('114成績輸入與落點儀表板'!$C$12="必須採計",V1217>0,IF('114成績輸入與落點儀表板'!$C$12="不可採計",V1217=0,TRUE)),IF('114成績輸入與落點儀表板'!$C$13="必須採計",W1217>0,IF('114成績輸入與落點儀表板'!$C$13="不可採計",W1217=0,TRUE)),IF('114成績輸入與落點儀表板'!$C$14="必須採計",X1217>0,IF('114成績輸入與落點儀表板'!$C$14="不可採計",X1217=0,TRUE)),IF('114成績輸入與落點儀表板'!$C$15="必須採計",Y1217>0,IF('114成績輸入與落點儀表板'!$C$15="不可採計",Y1217=0,TRUE)),IF('114成績輸入與落點儀表板'!$C$16="必須採計",Z1217>0,IF('114成績輸入與落點儀表板'!$C$16="不可採計",Z1217=0,TRUE))),"✅ 符合","❌ 不符合") -> ✅ 符合 | L1217: 2 | M1217: 1 | N1217: 0 | O1217: 0 | P1217: 0 | Q1217: 0 | R1217: 0 | S1217: 0 | T1217: 0 | U1217: 2 | V1217: 0 | W1217: 0 | X1217: 0 | Y1217: 0 | Z1217: 0
A1218: 2301 | B1218: 大葉大學 | C1218: 傳播藝術學士學位學程 | D1218: 藝術與體育學群 | E1218: 國x1.00 公x2.00 英x1.00 | F1218: 1 | G1218: 81 | H1218: =L1218*'114成績輸入與落點儀表板'!$B$2+M1218*'114成績輸入與落點儀表板'!$B$3+N1218*'114成績輸入與落點儀表板'!$B$4+O1218*'114成績輸入與落點儀表板'!$B$5+P1218*'114成績輸入與落點儀表板'!$B$6+Q1218*'114成績輸入與落點儀表板'!$B$7+R1218*'114成績輸入與落點儀表板'!$B$8+S1218*'114成績輸入與落點儀表板'!$B$9+T1218*'114成績輸入與落點儀表板'!$B$10+U1218*'114成績輸入與落點儀表板'!$B$11+V1218*'114成績輸入與落點儀表板'!$B$12+W1218*'114成績輸入與落點儀表板'!$B$13+X1218*'114成績輸入與落點儀表板'!$B$14+Y1218*'114成績輸入與落點儀表板'!$B$15+Z1218*'114成績輸入與落點儀表板'!$B$16 -> 0 | I1218: =IF(G1218="","",H1218-G1218) -> -81 | J1218: =IF(G1218="","無錄取資料",IF(I1218>=0,"PASS","FAIL")) -> FAIL | K1218: =IF(AND(IF('114成績輸入與落點儀表板'!$C$2="必須採計",L1218>0,IF('114成績輸入與落點儀表板'!$C$2="不可採計",L1218=0,TRUE)),IF('114成績輸入與落點儀表板'!$C$3="必須採計",M1218>0,IF('114成績輸入與落點儀表板'!$C$3="不可採計",M1218=0,TRUE)),IF('114成績輸入與落點儀表板'!$C$4="必須採計",N1218>0,IF('114成績輸入與落點儀表板'!$C$4="不可採計",N1218=0,TRUE)),IF('114成績輸入與落點儀表板'!$C$5="必須採計",O1218>0,IF('114成績輸入與落點儀表板'!$C$5="不可採計",O1218=0,TRUE)),IF('114成績輸入與落點儀表板'!$C$6="必須採計",P1218>0,IF('114成績輸入與落點儀表板'!$C$6="不可採計",P1218=0,TRUE)),IF('114成績輸入與落點儀表板'!$C$7="必須採計",Q1218>0,IF('114成績輸入與落點儀表板'!$C$7="不可採計",Q1218=0,TRUE)),IF('114成績輸入與落點儀表板'!$C$8="必須採計",R1218>0,IF('114成績輸入與落點儀表板'!$C$8="不可採計",R1218=0,TRUE)),IF('114成績輸入與落點儀表板'!$C$9="必須採計",S1218>0,IF('114成績輸入與落點儀表板'!$C$9="不可採計",S1218=0,TRUE)),IF('114成績輸入與落點儀表板'!$C$10="必須採計",T1218>0,IF('114成績輸入與落點儀表板'!$C$10="不可採計",T1218=0,TRUE)),IF('114成績輸入與落點儀表板'!$C$11="必須採計",U1218>0,IF('114成績輸入與落點儀表板'!$C$11="不可採計",U1218=0,TRUE)),IF('114成績輸入與落點儀表板'!$C$12="必須採計",V1218>0,IF('114成績輸入與落點儀表板'!$C$12="不可採計",V1218=0,TRUE)),IF('114成績輸入與落點儀表板'!$C$13="必須採計",W1218>0,IF('114成績輸入與落點儀表板'!$C$13="不可採計",W1218=0,TRUE)),IF('114成績輸入與落點儀表板'!$C$14="必須採計",X1218>0,IF('114成績輸入與落點儀表板'!$C$14="不可採計",X1218=0,TRUE)),IF('114成績輸入與落點儀表板'!$C$15="必須採計",Y1218>0,IF('114成績輸入與落點儀表板'!$C$15="不可採計",Y1218=0,TRUE)),IF('114成績輸入與落點儀表板'!$C$16="必須採計",Z1218>0,IF('114成績輸入與落點儀表板'!$C$16="不可採計",Z1218=0,TRUE))),"✅ 符合","❌ 不符合") -> ✅ 符合 | L1218: 1 | M1218: 1 | N1218: 0 | O1218: 0 | P1218: 0 | Q1218: 0 | R1218: 0 | S1218: 0 | T1218: 0 | U1218: 0 | V1218: 0 | W1218: 2 | X1218: 0 | Y1218: 0 | Z1218: 0
A1219: 2302 | B1219: 大葉大學 | C1219: 多媒體數位內容學士學位學程(動畫與影視特效組) | D1219: 其他學群 | E1219: 國x2.00 歷x1.75 地x2.00 | F1219: 2 | G1219: 200.5 | H1219: =L1219*'114成績輸入與落點儀表板'!$B$2+M1219*'114成績輸入與落點儀表板'!$B$3+N1219*'114成績輸入與落點儀表板'!$B$4+O1219*'114成績輸入與落點儀表板'!$B$5+P1219*'114成績輸入與落點儀表板'!$B$6+Q1219*'114成績輸入與落點儀表板'!$B$7+R1219*'114成績輸入與落點儀表板'!$B$8+S1219*'114成績輸入與落點儀表板'!$B$9+T1219*'114成績輸入與落點儀表板'!$B$10+U1219*'114成績輸入與落點儀表板'!$B$11+V1219*'114成績輸入與落點儀表板'!$B$12+W1219*'114成績輸入與落點儀表板'!$B$13+X1219*'114成績輸入與落點儀表板'!$B$14+Y1219*'114成績輸入與落點儀表板'!$B$15+Z1219*'114成績輸入與落點儀表板'!$B$16 -> 0 | I1219: =IF(G1219="","",H1219-G1219) -> -200.5 | J1219: =IF(G1219="","無錄取資料",IF(I1219>=0,"PASS","FAIL")) -> FAIL | K1219: =IF(AND(IF('114成績輸入與落點儀表板'!$C$2="必須採計",L1219>0,IF('114成績輸入與落點儀表板'!$C$2="不可採計",L1219=0,TRUE)),IF('114成績輸入與落點儀表板'!$C$3="必須採計",M1219>0,IF('114成績輸入與落點儀表板'!$C$3="不可採計",M1219=0,TRUE)),IF('114成績輸入與落點儀表板'!$C$4="必須採計",N1219>0,IF('114成績輸入與落點儀表板'!$C$4="不可採計",N1219=0,TRUE)),IF('114成績輸入與落點儀表板'!$C$5="必須採計",O1219>0,IF('114成績輸入與落點儀表板'!$C$5="不可採計",O1219=0,TRUE)),IF('114成績輸入與落點儀表板'!$C$6="必須採計",P1219>0,IF('114成績輸入與落點儀表板'!$C$6="不可採計",P1219=0,TRUE)),IF('114成績輸入與落點儀表板'!$C$7="必須採計",Q1219>0,IF('114成績輸入與落點儀表板'!$C$7="不可採計",Q1219=0,TRUE)),IF('114成績輸入與落點儀表板'!$C$8="必須採計",R1219>0,IF('114成績輸入與落點儀表板'!$C$8="不可採計",R1219=0,TRUE)),IF('114成績輸入與落點儀表板'!$C$9="必須採計",S1219>0,IF('114成績輸入與落點儀表板'!$C$9="不可採計",S1219=0,TRUE)),IF('114成績輸入與落點儀表板'!$C$10="必須採計",T1219>0,IF('114成績輸入與落點儀表板'!$C$10="不可採計",T1219=0,TRUE)),IF('114成績輸入與落點儀表板'!$C$11="必須採計",U1219>0,IF('114成績輸入與落點儀表板'!$C$11="不可採計",U1219=0,TRUE)),IF('114成績輸入與落點儀表板'!$C$12="必須採計",V1219>0,IF('114成績輸入與落點儀表板'!$C$12="不可採計",V1219=0,TRUE)),IF('114成績輸入與落點儀表板'!$C$13="必須採計",W1219>0,IF('114成績輸入與落點儀表板'!$C$13="不可採計",W1219=0,TRUE)),IF('114成績輸入與落點儀表板'!$C$14="必須採計",X1219>0,IF('114成績輸入與落點儀表板'!$C$14="不可採計",X1219=0,TRUE)),IF('114成績輸入與落點儀表板'!$C$15="必須採計",Y1219>0,IF('114成績輸入與落點儀表板'!$C$15="不可採計",Y1219=0,TRUE)),IF('114成績輸入與落點儀表板'!$C$16="必須採計",Z1219>0,IF('114成績輸入與落點儀表板'!$C$16="不可採計",Z1219=0,TRUE))),"✅ 符合","❌ 不符合") -> ✅ 符合 | L1219: 2 | M1219: 0 | N1219: 0 | O1219: 0 | P1219: 0 | Q1219: 0 | R1219: 0 | S1219: 0 | T1219: 0 | U1219: 1.75 | V1219: 2 | W1219: 0 | X1219: 0 | Y1219: 0 | Z1219: 0
A1220: 2303 | B1220: 大葉大學 | C1220: 多媒體數位內容學士學位學程(遊戲與互動設計組) | D1220: 藝術與體育學群 | E1220: 英x2.00 地x1.75 歷x2.00 | F1220: 5 | G1220: 96.75 | H1220: =L1220*'114成績輸入與落點儀表板'!$B$2+M1220*'114成績輸入與落點儀表板'!$B$3+N1220*'114成績輸入與落點儀表板'!$B$4+O1220*'114成績輸入與落點儀表板'!$B$5+P1220*'114成績輸入與落點儀表板'!$B$6+Q1220*'114成績輸入與落點儀表板'!$B$7+R1220*'114成績輸入與落點儀表板'!$B$8+S1220*'114成績輸入與落點儀表板'!$B$9+T1220*'114成績輸入與落點儀表板'!$B$10+U1220*'114成績輸入與落點儀表板'!$B$11+V1220*'114成績輸入與落點儀表板'!$B$12+W1220*'114成績輸入與落點儀表板'!$B$13+X1220*'114成績輸入與落點儀表板'!$B$14+Y1220*'114成績輸入與落點儀表板'!$B$15+Z1220*'114成績輸入與落點儀表板'!$B$16 -> 0 | I1220: =IF(G1220="","",H1220-G1220) -> -96.75 | J1220: =IF(G1220="","無錄取資料",IF(I1220>=0,"PASS","FAIL")) -> FAIL | K1220: =IF(AND(IF('114成績輸入與落點儀表板'!$C$2="必須採計",L1220>0,IF('114成績輸入與落點儀表板'!$C$2="不可採計",L1220=0,TRUE)),IF('114成績輸入與落點儀表板'!$C$3="必須採計",M1220>0,IF('114成績輸入與落點儀表板'!$C$3="不可採計",M1220=0,TRUE)),IF('114成績輸入與落點儀表板'!$C$4="必須採計",N1220>0,IF('114成績輸入與落點儀表板'!$C$4="不可採計",N1220=0,TRUE)),IF('114成績輸入與落點儀表板'!$C$5="必須採計",O1220>0,IF('114成績輸入與落點儀表板'!$C$5="不可採計",O1220=0,TRUE)),IF('114成績輸入與落點儀表板'!$C$6="必須採計",P1220>0,IF('114成績輸入與落點儀表板'!$C$6="不可採計",P1220=0,TRUE)),IF('114成績輸入與落點儀表板'!$C$7="必須採計",Q1220>0,IF('114成績輸入與落點儀表板'!$C$7="不可採計",Q1220=0,TRUE)),IF('114成績輸入與落點儀表板'!$C$8="必須採計",R1220>0,IF('114成績輸入與落點儀表板'!$C$8="不可採計",R1220=0,TRUE)),IF('114成績輸入與落點儀表板'!$C$9="必須採計",S1220>0,IF('114成績輸入與落點儀表板'!$C$9="不可採計",S1220=0,TRUE)),IF('114成績輸入與落點儀表板'!$C$10="必須採計",T1220>0,IF('114成績輸入與落點儀表板'!$C$10="不可採計",T1220=0,TRUE)),IF('114成績輸入與落點儀表板'!$C$11="必須採計",U1220>0,IF('114成績輸入與落點儀表板'!$C$11="不可採計",U1220=0,TRUE)),IF('114成績輸入與落點儀表板'!$C$12="必須採計",V1220>0,IF('114成績輸入與落點儀表板'!$C$12="不可採計",V1220=0,TRUE)),IF('114成績輸入與落點儀表板'!$C$13="必須採計",W1220>0,IF('114成績輸入與落點儀表板'!$C$13="不可採計",W1220=0,TRUE)),IF('114成績輸入與落點儀表板'!$C$14="必須採計",X1220>0,IF('114成績輸入與落點儀表板'!$C$14="不可採計",X1220=0,TRUE)),IF('114成績輸入與落點儀表板'!$C$15="必須採計",Y1220>0,IF('114成績輸入與落點儀表板'!$C$15="不可採計",Y1220=0,TRUE)),IF('114成績輸入與落點儀表板'!$C$16="必須採計",Z1220>0,IF('114成績輸入與落點儀表板'!$C$16="不可採計",Z1220=0,TRUE))),"✅ 符合","❌ 不符合") -> ❌ 不符合 | L1220: 0 | M1220: 2 | N1220: 0 | O1220: 0 | P1220: 0 | Q1220: 0 | R1220: 0 | S1220: 0 | T1220: 0 | U1220: 2 | V1220: 1.75 | W1220: 0 | X1220: 0 | Y1220: 0 | Z1220: 0
A1221: 2304 | B1221: 大葉大學 | C1221: 多媒體數位內容學士學位學程(動漫美術與模型製作組) | D1221: 藝術與體育學群 | E1221: 國x2.00 英x1.75 歷x2.00 | F1221: 3 | G1221: 139.5 | H1221: =L1221*'114成績輸入與落點儀表板'!$B$2+M1221*'114成績輸入與落點儀表板'!$B$3+N1221*'114成績輸入與落點儀表板'!$B$4+O1221*'114成績輸入與落點儀表板'!$B$5+P1221*'114成績輸入與落點儀表板'!$B$6+Q1221*'114成績輸入與落點儀表板'!$B$7+R1221*'114成績輸入與落點儀表板'!$B$8+S1221*'114成績輸入與落點儀表板'!$B$9+T1221*'114成績輸入與落點儀表板'!$B$10+U1221*'114成績輸入與落點儀表板'!$B$11+V1221*'114成績輸入與落點儀表板'!$B$12+W1221*'114成績輸入與落點儀表板'!$B$13+X1221*'114成績輸入與落點儀表板'!$B$14+Y1221*'114成績輸入與落點儀表板'!$B$15+Z1221*'114成績輸入與落點儀表板'!$B$16 -> 0 | I1221: =IF(G1221="","",H1221-G1221) -> -139.5 | J1221: =IF(G1221="","無錄取資料",IF(I1221>=0,"PASS","FAIL")) -> FAIL | K1221: =IF(AND(IF('114成績輸入與落點儀表板'!$C$2="必須採計",L1221>0,IF('114成績輸入與落點儀表板'!$C$2="不可採計",L1221=0,TRUE)),IF('114成績輸入與落點儀表板'!$C$3="必須採計",M1221>0,IF('114成績輸入與落點儀表板'!$C$3="不可採計",M1221=0,TRUE)),IF('114成績輸入與落點儀表板'!$C$4="必須採計",N1221>0,IF('114成績輸入與落點儀表板'!$C$4="不可採計",N1221=0,TRUE)),IF('114成績輸入與落點儀表板'!$C$5="必須採計",O1221>0,IF('114成績輸入與落點儀表板'!$C$5="不可採計",O1221=0,TRUE)),IF('114成績輸入與落點儀表板'!$C$6="必須採計",P1221>0,IF('114成績輸入與落點儀表板'!$C$6="不可採計",P1221=0,TRUE)),IF('114成績輸入與落點儀表板'!$C$7="必須採計",Q1221>0,IF('114成績輸入與落點儀表板'!$C$7="不可採計",Q1221=0,TRUE)),IF('114成績輸入與落點儀表板'!$C$8="必須採計",R1221>0,IF('114成績輸入與落點儀表板'!$C$8="不可採計",R1221=0,TRUE)),IF('114成績輸入與落點儀表板'!$C$9="必須採計",S1221>0,IF('114成績輸入與落點儀表板'!$C$9="不可採計",S1221=0,TRUE)),IF('114成績輸入與落點儀表板'!$C$10="必須採計",T1221>0,IF('114成績輸入與落點儀表板'!$C$10="不可採計",T1221=0,TRUE)),IF('114成績輸入與落點儀表板'!$C$11="必須採計",U1221>0,IF('114成績輸入與落點儀表板'!$C$11="不可採計",U1221=0,TRUE)),IF('114成績輸入與落點儀表板'!$C$12="必須採計",V1221>0,IF('114成績輸入與落點儀表板'!$C$12="不可採計",V1221=0,TRUE)),IF('114成績輸入與落點儀表板'!$C$13="必須採計",W1221>0,IF('114成績輸入與落點儀表板'!$C$13="不可採計",W1221=0,TRUE)),IF('114成績輸入與落點儀表板'!$C$14="必須採計",X1221>0,IF('114成績輸入與落點儀表板'!$C$14="不可採計",X1221=0,TRUE)),IF('114成績輸入與落點儀表板'!$C$15="必須採計",Y1221>0,IF('114成績輸入與落點儀表板'!$C$15="不可採計",Y1221=0,TRUE)),IF('114成績輸入與落點儀表板'!$C$16="必須採計",Z1221>0,IF('114成績輸入與落點儀表板'!$C$16="不可採計",Z1221=0,TRUE))),"✅ 符合","❌ 不符合") -> ✅ 符合 | L1221: 2 | M1221: 1.75 | N1221: 0 | O1221: 0 | P1221: 0 | Q1221: 0 | R1221: 0 | S1221: 0 | T1221: 0 | U1221: 2 | V1221: 0 | W1221: 0 | X1221: 0 | Y1221: 0 | Z1221: 0
A1222: 2305 | B1222: 大葉大學 | C1222: 多媒體數位內容學士學位學程(漫畫創作組) | D1222: 其他學群 | E1222: 國x2.00 英x1.75 地x2.00 | F1222: 1 | G1222: 113.5 | H1222: =L1222*'114成績輸入與落點儀表板'!$B$2+M1222*'114成績輸入與落點儀表板'!$B$3+N1222*'114成績輸入與落點儀表板'!$B$4+O1222*'114成績輸入與落點儀表板'!$B$5+P1222*'114成績輸入與落點儀表板'!$B$6+Q1222*'114成績輸入與落點儀表板'!$B$7+R1222*'114成績輸入與落點儀表板'!$B$8+S1222*'114成績輸入與落點儀表板'!$B$9+T1222*'114成績輸入與落點儀表板'!$B$10+U1222*'114成績輸入與落點儀表板'!$B$11+V1222*'114成績輸入與落點儀表板'!$B$12+W1222*'114成績輸入與落點儀表板'!$B$13+X1222*'114成績輸入與落點儀表板'!$B$14+Y1222*'114成績輸入與落點儀表板'!$B$15+Z1222*'114成績輸入與落點儀表板'!$B$16 -> 0 | I1222: =IF(G1222="","",H1222-G1222) -> -113.5 | J1222: =IF(G1222="","無錄取資料",IF(I1222>=0,"PASS","FAIL")) -> FAIL | K1222: =IF(AND(IF('114成績輸入與落點儀表板'!$C$2="必須採計",L1222>0,IF('114成績輸入與落點儀表板'!$C$2="不可採計",L1222=0,TRUE)),IF('114成績輸入與落點儀表板'!$C$3="必須採計",M1222>0,IF('114成績輸入與落點儀表板'!$C$3="不可採計",M1222=0,TRUE)),IF('114成績輸入與落點儀表板'!$C$4="必須採計",N1222>0,IF('114成績輸入與落點儀表板'!$C$4="不可採計",N1222=0,TRUE)),IF('114成績輸入與落點儀表板'!$C$5="必須採計",O1222>0,IF('114成績輸入與落點儀表板'!$C$5="不可採計",O1222=0,TRUE)),IF('114成績輸入與落點儀表板'!$C$6="必須採計",P1222>0,IF('114成績輸入與落點儀表板'!$C$6="不可採計",P1222=0,TRUE)),IF('114成績輸入與落點儀表板'!$C$7="必須採計",Q1222>0,IF('114成績輸入與落點儀表板'!$C$7="不可採計",Q1222=0,TRUE)),IF('114成績輸入與落點儀表板'!$C$8="必須採計",R1222>0,IF('114成績輸入與落點儀表板'!$C$8="不可採計",R1222=0,TRUE)),IF('114成績輸入與落點儀表板'!$C$9="必須採計",S1222>0,IF('114成績輸入與落點儀表板'!$C$9="不可採計",S1222=0,TRUE)),IF('114成績輸入與落點儀表板'!$C$10="必須採計",T1222>0,IF('114成績輸入與落點儀表板'!$C$10="不可採計",T1222=0,TRUE)),IF('114成績輸入與落點儀表板'!$C$11="必須採計",U1222>0,IF('114成績輸入與落點儀表板'!$C$11="不可採計",U1222=0,TRUE)),IF('114成績輸入與落點儀表板'!$C$12="必須採計",V1222>0,IF('114成績輸入與落點儀表板'!$C$12="不可採計",V1222=0,TRUE)),IF('114成績輸入與落點儀表板'!$C$13="必須採計",W1222>0,IF('114成績輸入與落點儀表板'!$C$13="不可採計",W1222=0,TRUE)),IF('114成績輸入與落點儀表板'!$C$14="必須採計",X1222>0,IF('114成績輸入與落點儀表板'!$C$14="不可採計",X1222=0,TRUE)),IF('114成績輸入與落點儀表板'!$C$15="必須採計",Y1222>0,IF('114成績輸入與落點儀表板'!$C$15="不可採計",Y1222=0,TRUE)),IF('114成績輸入與落點儀表板'!$C$16="必須採計",Z1222>0,IF('114成績輸入與落點儀表板'!$C$16="不可採計",Z1222=0,TRUE))),"✅ 符合","❌ 不符合") -> ✅ 符合 | L1222: 2 | M1222: 1.75 | N1222: 0 | O1222: 0 | P1222: 0 | Q1222: 0 | R1222: 0 | S1222: 0 | T1222: 0 | U1222: 0 | V1222: 2 | W1222: 0 | X1222: 0 | Y1222: 0 | Z1222: 0
A1223: 2306 | B1223: 大葉大學 | C1223: 空間設計學系(建築組) | D1223: 藝術與體育學群 | E1223: 英x1.00 國x2.00 地x2.00 歷x2.00 | F1223: 3 | G1223: 179 | H1223: =L1223*'114成績輸入與落點儀表板'!$B$2+M1223*'114成績輸入與落點儀表板'!$B$3+N1223*'114成績輸入與落點儀表板'!$B$4+O1223*'114成績輸入與落點儀表板'!$B$5+P1223*'114成績輸入與落點儀表板'!$B$6+Q1223*'114成績輸入與落點儀表板'!$B$7+R1223*'114成績輸入與落點儀表板'!$B$8+S1223*'114成績輸入與落點儀表板'!$B$9+T1223*'114成績輸入與落點儀表板'!$B$10+U1223*'114成績輸入與落點儀表板'!$B$11+V1223*'114成績輸入與落點儀表板'!$B$12+W1223*'114成績輸入與落點儀表板'!$B$13+X1223*'114成績輸入與落點儀表板'!$B$14+Y1223*'114成績輸入與落點儀表板'!$B$15+Z1223*'114成績輸入與落點儀表板'!$B$16 -> 0 | I1223: =IF(G1223="","",H1223-G1223) -> -179 | J1223: =IF(G1223="","無錄取資料",IF(I1223>=0,"PASS","FAIL")) -> FAIL | K1223: =IF(AND(IF('114成績輸入與落點儀表板'!$C$2="必須採計",L1223>0,IF('114成績輸入與落點儀表板'!$C$2="不可採計",L1223=0,TRUE)),IF('114成績輸入與落點儀表板'!$C$3="必須採計",M1223>0,IF('114成績輸入與落點儀表板'!$C$3="不可採計",M1223=0,TRUE)),IF('114成績輸入與落點儀表板'!$C$4="必須採計",N1223>0,IF('114成績輸入與落點儀表板'!$C$4="不可採計",N1223=0,TRUE)),IF('114成績輸入與落點儀表板'!$C$5="必須採計",O1223>0,IF('114成績輸入與落點儀表板'!$C$5="不可採計",O1223=0,TRUE)),IF('114成績輸入與落點儀表板'!$C$6="必須採計",P1223>0,IF('114成績輸入與落點儀表板'!$C$6="不可採計",P1223=0,TRUE)),IF('114成績輸入與落點儀表板'!$C$7="必須採計",Q1223>0,IF('114成績輸入與落點儀表板'!$C$7="不可採計",Q1223=0,TRUE)),IF('114成績輸入與落點儀表板'!$C$8="必須採計",R1223>0,IF('114成績輸入與落點儀表板'!$C$8="不可採計",R1223=0,TRUE)),IF('114成績輸入與落點儀表板'!$C$9="必須採計",S1223>0,IF('114成績輸入與落點儀表板'!$C$9="不可採計",S1223=0,TRUE)),IF('114成績輸入與落點儀表板'!$C$10="必須採計",T1223>0,IF('114成績輸入與落點儀表板'!$C$10="不可採計",T1223=0,TRUE)),IF('114成績輸入與落點儀表板'!$C$11="必須採計",U1223>0,IF('114成績輸入與落點儀表板'!$C$11="不可採計",U1223=0,TRUE)),IF('114成績輸入與落點儀表板'!$C$12="必須採計",V1223>0,IF('114成績輸入與落點儀表板'!$C$12="不可採計",V1223=0,TRUE)),IF('114成績輸入與落點儀表板'!$C$13="必須採計",W1223>0,IF('114成績輸入與落點儀表板'!$C$13="不可採計",W1223=0,TRUE)),IF('114成績輸入與落點儀表板'!$C$14="必須採計",X1223>0,IF('114成績輸入與落點儀表板'!$C$14="不可採計",X1223=0,TRUE)),IF('114成績輸入與落點儀表板'!$C$15="必須採計",Y1223>0,IF('114成績輸入與落點儀表板'!$C$15="不可採計",Y1223=0,TRUE)),IF('114成績輸入與落點儀表板'!$C$16="必須採計",Z1223>0,IF('114成績輸入與落點儀表板'!$C$16="不可採計",Z1223=0,TRUE))),"✅ 符合","❌ 不符合") -> ✅ 符合 | L1223: 2 | M1223: 1 | N1223: 0 | O1223: 0 | P1223: 0 | Q1223: 0 | R1223: 0 | S1223: 0 | T1223: 0 | U1223: 2 | V1223: 2 | W1223: 0 | X1223: 0 | Y1223: 0 | Z1223: 0
A1224: 2307 | B1224: 大葉大學 | C1224: 空間設計學系(室內設計組) | D1224: 藝術與體育學群 | E1224: 英x1.00 國x2.00 地x2.00 歷x2.00 | F1224: 3 | G1224: 143 | H1224: =L1224*'114成績輸入與落點儀表板'!$B$2+M1224*'114成績輸入與落點儀表板'!$B$3+N1224*'114成績輸入與落點儀表板'!$B$4+O1224*'114成績輸入與落點儀表板'!$B$5+P1224*'114成績輸入與落點儀表板'!$B$6+Q1224*'114成績輸入與落點儀表板'!$B$7+R1224*'114成績輸入與落點儀表板'!$B$8+S1224*'114成績輸入與落點儀表板'!$B$9+T1224*'114成績輸入與落點儀表板'!$B$10+U1224*'114成績輸入與落點儀表板'!$B$11+V1224*'114成績輸入與落點儀表板'!$B$12+W1224*'114成績輸入與落點儀表板'!$B$13+X1224*'114成績輸入與落點儀表板'!$B$14+Y1224*'114成績輸入與落點儀表板'!$B$15+Z1224*'114成績輸入與落點儀表板'!$B$16 -> 0 | I1224: =IF(G1224="","",H1224-G1224) -> -143 | J1224: =IF(G1224="","無錄取資料",IF(I1224>=0,"PASS","FAIL")) -> FAIL | K1224: =IF(AND(IF('114成績輸入與落點儀表板'!$C$2="必須採計",L1224>0,IF('114成績輸入與落點儀表板'!$C$2="不可採計",L1224=0,TRUE)),IF('114成績輸入與落點儀表板'!$C$3="必須採計",M1224>0,IF('114成績輸入與落點儀表板'!$C$3="不可採計",M1224=0,TRUE)),IF('114成績輸入與落點儀表板'!$C$4="必須採計",N1224>0,IF('114成績輸入與落點儀表板'!$C$4="不可採計",N1224=0,TRUE)),IF('114成績輸入與落點儀表板'!$C$5="必須採計",O1224>0,IF('114成績輸入與落點儀表板'!$C$5="不可採計",O1224=0,TRUE)),IF('114成績輸入與落點儀表板'!$C$6="必須採計",P1224>0,IF('114成績輸入與落點儀表板'!$C$6="不可採計",P1224=0,TRUE)),IF('114成績輸入與落點儀表板'!$C$7="必須採計",Q1224>0,IF('114成績輸入與落點儀表板'!$C$7="不可採計",Q1224=0,TRUE)),IF('114成績輸入與落點儀表板'!$C$8="必須採計",R1224>0,IF('114成績輸入與落點儀表板'!$C$8="不可採計",R1224=0,TRUE)),IF('114成績輸入與落點儀表板'!$C$9="必須採計",S1224>0,IF('114成績輸入與落點儀表板'!$C$9="不可採計",S1224=0,TRUE)),IF('114成績輸入與落點儀表板'!$C$10="必須採計",T1224>0,IF('114成績輸入與落點儀表板'!$C$10="不可採計",T1224=0,TRUE)),IF('114成績輸入與落點儀表板'!$C$11="必須採計",U1224>0,IF('114成績輸入與落點儀表板'!$C$11="不可採計",U1224=0,TRUE)),IF('114成績輸入與落點儀表板'!$C$12="必須採計",V1224>0,IF('114成績輸入與落點儀表板'!$C$12="不可採計",V1224=0,TRUE)),IF('114成績輸入與落點儀表板'!$C$13="必須採計",W1224>0,IF('114成績輸入與落點儀表板'!$C$13="不可採計",W1224=0,TRUE)),IF('114成績輸入與落點儀表板'!$C$14="必須採計",X1224>0,IF('114成績輸入與落點儀表板'!$C$14="不可採計",X1224=0,TRUE)),IF('114成績輸入與落點儀表板'!$C$15="必須採計",Y1224>0,IF('114成績輸入與落點儀表板'!$C$15="不可採計",Y1224=0,TRUE)),IF('114成績輸入與落點儀表板'!$C$16="必須採計",Z1224>0,IF('114成績輸入與落點儀表板'!$C$16="不可採計",Z1224=0,TRUE))),"✅ 符合","❌ 不符合") -> ✅ 符合 | L1224: 2 | M1224: 1 | N1224: 0 | O1224: 0 | P1224: 0 | Q1224: 0 | R1224: 0 | S1224: 0 | T1224: 0 | U1224: 2 | V1224: 2 | W1224: 0 | X1224: 0 | Y1224: 0 | Z1224: 0
A1225: 2310 | B1225: 大葉大學 | C1225: 造形藝術學系 | D1225: 藝術與體育學群 | E1225: 國x2.00 歷x2.00 英x1.75 | F1225: 1 | G1225: 143 | H1225: =L1225*'114成績輸入與落點儀表板'!$B$2+M1225*'114成績輸入與落點儀表板'!$B$3+N1225*'114成績輸入與落點儀表板'!$B$4+O1225*'114成績輸入與落點儀表板'!$B$5+P1225*'114成績輸入與落點儀表板'!$B$6+Q1225*'114成績輸入與落點儀表板'!$B$7+R1225*'114成績輸入與落點儀表板'!$B$8+S1225*'114成績輸入與落點儀表板'!$B$9+T1225*'114成績輸入與落點儀表板'!$B$10+U1225*'114成績輸入與落點儀表板'!$B$11+V1225*'114成績輸入與落點儀表板'!$B$12+W1225*'114成績輸入與落點儀表板'!$B$13+X1225*'114成績輸入與落點儀表板'!$B$14+Y1225*'114成績輸入與落點儀表板'!$B$15+Z1225*'114成績輸入與落點儀表板'!$B$16 -> 0 | I1225: =IF(G1225="","",H1225-G1225) -> -143 | J1225: =IF(G1225="","無錄取資料",IF(I1225>=0,"PASS","FAIL")) -> FAIL | K1225: =IF(AND(IF('114成績輸入與落點儀表板'!$C$2="必須採計",L1225>0,IF('114成績輸入與落點儀表板'!$C$2="不可採計",L1225=0,TRUE)),IF('114成績輸入與落點儀表板'!$C$3="必須採計",M1225>0,IF('114成績輸入與落點儀表板'!$C$3="不可採計",M1225=0,TRUE)),IF('114成績輸入與落點儀表板'!$C$4="必須採計",N1225>0,IF('114成績輸入與落點儀表板'!$C$4="不可採計",N1225=0,TRUE)),IF('114成績輸入與落點儀表板'!$C$5="必須採計",O1225>0,IF('114成績輸入與落點儀表板'!$C$5="不可採計",O1225=0,TRUE)),IF('114成績輸入與落點儀表板'!$C$6="必須採計",P1225>0,IF('114成績輸入與落點儀表板'!$C$6="不可採計",P1225=0,TRUE)),IF('114成績輸入與落點儀表板'!$C$7="必須採計",Q1225>0,IF('114成績輸入與落點儀表板'!$C$7="不可採計",Q1225=0,TRUE)),IF('114成績輸入與落點儀表板'!$C$8="必須採計",R1225>0,IF('114成績輸入與落點儀表板'!$C$8="不可採計",R1225=0,TRUE)),IF('114成績輸入與落點儀表板'!$C$9="必須採計",S1225>0,IF('114成績輸入與落點儀表板'!$C$9="不可採計",S1225=0,TRUE)),IF('114成績輸入與落點儀表板'!$C$10="必須採計",T1225>0,IF('114成績輸入與落點儀表板'!$C$10="不可採計",T1225=0,TRUE)),IF('114成績輸入與落點儀表板'!$C$11="必須採計",U1225>0,IF('114成績輸入與落點儀表板'!$C$11="不可採計",U1225=0,TRUE)),IF('114成績輸入與落點儀表板'!$C$12="必須採計",V1225>0,IF('114成績輸入與落點儀表板'!$C$12="不可採計",V1225=0,TRUE)),IF('114成績輸入與落點儀表板'!$C$13="必須採計",W1225>0,IF('114成績輸入與落點儀表板'!$C$13="不可採計",W1225=0,TRUE)),IF('114成績輸入與落點儀表板'!$C$14="必須採計",X1225>0,IF('114成績輸入與落點儀表板'!$C$14="不可採計",X1225=0,TRUE)),IF('114成績輸入與落點儀表板'!$C$15="必須採計",Y1225>0,IF('114成績輸入與落點儀表板'!$C$15="不可採計",Y1225=0,TRUE)),IF('114成績輸入與落點儀表板'!$C$16="必須採計",Z1225>0,IF('114成績輸入與落點儀表板'!$C$16="不可採計",Z1225=0,TRUE))),"✅ 符合","❌ 不符合") -> ✅ 符合 | L1225: 2 | M1225: 1.75 | N1225: 0 | O1225: 0 | P1225: 0 | Q1225: 0 | R1225: 0 | S1225: 0 | T1225: 0 | U1225: 2 | V1225: 0 | W1225: 0 | X1225: 0 | Y1225: 0 | Z1225: 0
A1226: 2311 | B1226: 大葉大學 | C1226: 英語學系 | D1226: 外語學群 | E1226: 英x2.00 國x2.00 歷x1.25 | F1226: 0 | H1226: =L1226*'114成績輸入與落點儀表板'!$B$2+M1226*'114成績輸入與落點儀表板'!$B$3+N1226*'114成績輸入與落點儀表板'!$B$4+O1226*'114成績輸入與落點儀表板'!$B$5+P1226*'114成績輸入與落點儀表板'!$B$6+Q1226*'114成績輸入與落點儀表板'!$B$7+R1226*'114成績輸入與落點儀表板'!$B$8+S1226*'114成績輸入與落點儀表板'!$B$9+T1226*'114成績輸入與落點儀表板'!$B$10+U1226*'114成績輸入與落點儀表板'!$B$11+V1226*'114成績輸入與落點儀表板'!$B$12+W1226*'114成績輸入與落點儀表板'!$B$13+X1226*'114成績輸入與落點儀表板'!$B$14+Y1226*'114成績輸入與落點儀表板'!$B$15+Z1226*'114成績輸入與落點儀表板'!$B$16 -> 0 | I1226: =IF(G1226="","",H1226-G1226) | J1226: =IF(G1226="","無錄取資料",IF(I1226>=0,"PASS","FAIL")) -> 無錄取資料 | K1226: =IF(AND(IF('114成績輸入與落點儀表板'!$C$2="必須採計",L1226>0,IF('114成績輸入與落點儀表板'!$C$2="不可採計",L1226=0,TRUE)),IF('114成績輸入與落點儀表板'!$C$3="必須採計",M1226>0,IF('114成績輸入與落點儀表板'!$C$3="不可採計",M1226=0,TRUE)),IF('114成績輸入與落點儀表板'!$C$4="必須採計",N1226>0,IF('114成績輸入與落點儀表板'!$C$4="不可採計",N1226=0,TRUE)),IF('114成績輸入與落點儀表板'!$C$5="必須採計",O1226>0,IF('114成績輸入與落點儀表板'!$C$5="不可採計",O1226=0,TRUE)),IF('114成績輸入與落點儀表板'!$C$6="必須採計",P1226>0,IF('114成績輸入與落點儀表板'!$C$6="不可採計",P1226=0,TRUE)),IF('114成績輸入與落點儀表板'!$C$7="必須採計",Q1226>0,IF('114成績輸入與落點儀表板'!$C$7="不可採計",Q1226=0,TRUE)),IF('114成績輸入與落點儀表板'!$C$8="必須採計",R1226>0,IF('114成績輸入與落點儀表板'!$C$8="不可採計",R1226=0,TRUE)),IF('114成績輸入與落點儀表板'!$C$9="必須採計",S1226>0,IF('114成績輸入與落點儀表板'!$C$9="不可採計",S1226=0,TRUE)),IF('114成績輸入與落點儀表板'!$C$10="必須採計",T1226>0,IF('114成績輸入與落點儀表板'!$C$10="不可採計",T1226=0,TRUE)),IF('114成績輸入與落點儀表板'!$C$11="必須採計",U1226>0,IF('114成績輸入與落點儀表板'!$C$11="不可採計",U1226=0,TRUE)),IF('114成績輸入與落點儀表板'!$C$12="必須採計",V1226>0,IF('114成績輸入與落點儀表板'!$C$12="不可採計",V1226=0,TRUE)),IF('114成績輸入與落點儀表板'!$C$13="必須採計",W1226>0,IF('114成績輸入與落點儀表板'!$C$13="不可採計",W1226=0,TRUE)),IF('114成績輸入與落點儀表板'!$C$14="必須採計",X1226>0,IF('114成績輸入與落點儀表板'!$C$14="不可採計",X1226=0,TRUE)),IF('114成績輸入與落點儀表板'!$C$15="必須採計",Y1226>0,IF('114成績輸入與落點儀表板'!$C$15="不可採計",Y1226=0,TRUE)),IF('114成績輸入與落點儀表板'!$C$16="必須採計",Z1226>0,IF('114成績輸入與落點儀表板'!$C$16="不可採計",Z1226=0,TRUE))),"✅ 符合","❌ 不符合") -> ✅ 符合 | L1226: 2 | M1226: 2 | N1226: 0 | O1226: 0 | P1226: 0 | Q1226: 0 | R1226: 0 | S1226: 0 | T1226: 0 | U1226: 1.25 | V1226: 0 | W1226: 0 | X1226: 0 | Y1226: 0 | Z1226: 0
A1227: 2312 | B1227: 大葉大學 | C1227: 應用日語學系(商務觀光組) | D1227: 財經管理學群 | E1227: 國x2.00 社x1.00 歷x2.00 | F1227: 1 | G1227: 135 | H1227: =L1227*'114成績輸入與落點儀表板'!$B$2+M1227*'114成績輸入與落點儀表板'!$B$3+N1227*'114成績輸入與落點儀表板'!$B$4+O1227*'114成績輸入與落點儀表板'!$B$5+P1227*'114成績輸入與落點儀表板'!$B$6+Q1227*'114成績輸入與落點儀表板'!$B$7+R1227*'114成績輸入與落點儀表板'!$B$8+S1227*'114成績輸入與落點儀表板'!$B$9+T1227*'114成績輸入與落點儀表板'!$B$10+U1227*'114成績輸入與落點儀表板'!$B$11+V1227*'114成績輸入與落點儀表板'!$B$12+W1227*'114成績輸入與落點儀表板'!$B$13+X1227*'114成績輸入與落點儀表板'!$B$14+Y1227*'114成績輸入與落點儀表板'!$B$15+Z1227*'114成績輸入與落點儀表板'!$B$16 -> 0 | I1227: =IF(G1227="","",H1227-G1227) -> -135 | J1227: =IF(G1227="","無錄取資料",IF(I1227>=0,"PASS","FAIL")) -> FAIL | K1227: =IF(AND(IF('114成績輸入與落點儀表板'!$C$2="必須採計",L1227>0,IF('114成績輸入與落點儀表板'!$C$2="不可採計",L1227=0,TRUE)),IF('114成績輸入與落點儀表板'!$C$3="必須採計",M1227>0,IF('114成績輸入與落點儀表板'!$C$3="不可採計",M1227=0,TRUE)),IF('114成績輸入與落點儀表板'!$C$4="必須採計",N1227>0,IF('114成績輸入與落點儀表板'!$C$4="不可採計",N1227=0,TRUE)),IF('114成績輸入與落點儀表板'!$C$5="必須採計",O1227>0,IF('114成績輸入與落點儀表板'!$C$5="不可採計",O1227=0,TRUE)),IF('114成績輸入與落點儀表板'!$C$6="必須採計",P1227>0,IF('114成績輸入與落點儀表板'!$C$6="不可採計",P1227=0,TRUE)),IF('114成績輸入與落點儀表板'!$C$7="必須採計",Q1227>0,IF('114成績輸入與落點儀表板'!$C$7="不可採計",Q1227=0,TRUE)),IF('114成績輸入與落點儀表板'!$C$8="必須採計",R1227>0,IF('114成績輸入與落點儀表板'!$C$8="不可採計",R1227=0,TRUE)),IF('114成績輸入與落點儀表板'!$C$9="必須採計",S1227>0,IF('114成績輸入與落點儀表板'!$C$9="不可採計",S1227=0,TRUE)),IF('114成績輸入與落點儀表板'!$C$10="必須採計",T1227>0,IF('114成績輸入與落點儀表板'!$C$10="不可採計",T1227=0,TRUE)),IF('114成績輸入與落點儀表板'!$C$11="必須採計",U1227>0,IF('114成績輸入與落點儀表板'!$C$11="不可採計",U1227=0,TRUE)),IF('114成績輸入與落點儀表板'!$C$12="必須採計",V1227>0,IF('114成績輸入與落點儀表板'!$C$12="不可採計",V1227=0,TRUE)),IF('114成績輸入與落點儀表板'!$C$13="必須採計",W1227>0,IF('114成績輸入與落點儀表板'!$C$13="不可採計",W1227=0,TRUE)),IF('114成績輸入與落點儀表板'!$C$14="必須採計",X1227>0,IF('114成績輸入與落點儀表板'!$C$14="不可採計",X1227=0,TRUE)),IF('114成績輸入與落點儀表板'!$C$15="必須採計",Y1227>0,IF('114成績輸入與落點儀表板'!$C$15="不可採計",Y1227=0,TRUE)),IF('114成績輸入與落點儀表板'!$C$16="必須採計",Z1227>0,IF('114成績輸入與落點儀表板'!$C$16="不可採計",Z1227=0,TRUE))),"✅ 符合","❌ 不符合") -> ✅ 符合 | L1227: 2 | M1227: 0 | N1227: 0 | O1227: 0 | P1227: 0 | Q1227: 0 | R1227: 0 | S1227: 0 | T1227: 0 | U1227: 2 | V1227: 0 | W1227: 0 | X1227: 1 | Y1227: 0 | Z1227: 0
A1228: 2313 | B1228: 大葉大學 | C1228: 應用日語學系(企業應用組) | D1228: 其他學群 | E1228: 國x2.00 社x1.00 公x2.00 | F1228: 0 | H1228: =L1228*'114成績輸入與落點儀表板'!$B$2+M1228*'114成績輸入與落點儀表板'!$B$3+N1228*'114成績輸入與落點儀表板'!$B$4+O1228*'114成績輸入與落點儀表板'!$B$5+P1228*'114成績輸入與落點儀表板'!$B$6+Q1228*'114成績輸入與落點儀表板'!$B$7+R1228*'114成績輸入與落點儀表板'!$B$8+S1228*'114成績輸入與落點儀表板'!$B$9+T1228*'114成績輸入與落點儀表板'!$B$10+U1228*'114成績輸入與落點儀表板'!$B$11+V1228*'114成績輸入與落點儀表板'!$B$12+W1228*'114成績輸入與落點儀表板'!$B$13+X1228*'114成績輸入與落點儀表板'!$B$14+Y1228*'114成績輸入與落點儀表板'!$B$15+Z1228*'114成績輸入與落點儀表板'!$B$16 -> 0 | I1228: =IF(G1228="","",H1228-G1228) | J1228: =IF(G1228="","無錄取資料",IF(I1228>=0,"PASS","FAIL")) -> 無錄取資料 | K1228: =IF(AND(IF('114成績輸入與落點儀表板'!$C$2="必須採計",L1228>0,IF('114成績輸入與落點儀表板'!$C$2="不可採計",L1228=0,TRUE)),IF('114成績輸入與落點儀表板'!$C$3="必須採計",M1228>0,IF('114成績輸入與落點儀表板'!$C$3="不可採計",M1228=0,TRUE)),IF('114成績輸入與落點儀表板'!$C$4="必須採計",N1228>0,IF('114成績輸入與落點儀表板'!$C$4="不可採計",N1228=0,TRUE)),IF('114成績輸入與落點儀表板'!$C$5="必須採計",O1228>0,IF('114成績輸入與落點儀表板'!$C$5="不可採計",O1228=0,TRUE)),IF('114成績輸入與落點儀表板'!$C$6="必須採計",P1228>0,IF('114成績輸入與落點儀表板'!$C$6="不可採計",P1228=0,TRUE)),IF('114成績輸入與落點儀表板'!$C$7="必須採計",Q1228>0,IF('114成績輸入與落點儀表板'!$C$7="不可採計",Q1228=0,TRUE)),IF('114成績輸入與落點儀表板'!$C$8="必須採計",R1228>0,IF('114成績輸入與落點儀表板'!$C$8="不可採計",R1228=0,TRUE)),IF('114成績輸入與落點儀表板'!$C$9="必須採計",S1228>0,IF('114成績輸入與落點儀表板'!$C$9="不可採計",S1228=0,TRUE)),IF('114成績輸入與落點儀表板'!$C$10="必須採計",T1228>0,IF('114成績輸入與落點儀表板'!$C$10="不可採計",T1228=0,TRUE)),IF('114成績輸入與落點儀表板'!$C$11="必須採計",U1228>0,IF('114成績輸入與落點儀表板'!$C$11="不可採計",U1228=0,TRUE)),IF('114成績輸入與落點儀表板'!$C$12="必須採計",V1228>0,IF('114成績輸入與落點儀表板'!$C$12="不可採計",V1228=0,TRUE)),IF('114成績輸入與落點儀表板'!$C$13="必須採計",W1228>0,IF('114成績輸入與落點儀表板'!$C$13="不可採計",W1228=0,TRUE)),IF('114成績輸入與落點儀表板'!$C$14="必須採計",X1228>0,IF('114成績輸入與落點儀表板'!$C$14="不可採計",X1228=0,TRUE)),IF('114成績輸入與落點儀表板'!$C$15="必須採計",Y1228>0,IF('114成績輸入與落點儀表板'!$C$15="不可採計",Y1228=0,TRUE)),IF('114成績輸入與落點儀表板'!$C$16="必須採計",Z1228>0,IF('114成績輸入與落點儀表板'!$C$16="不可採計",Z1228=0,TRUE))),"✅ 符合","❌ 不符合") -> ✅ 符合 | L1228: 2 | M1228: 0 | N1228: 0 | O1228: 0 | P1228: 0 | Q1228: 0 | R1228: 0 | S1228: 0 | T1228: 0 | U1228: 0 | V1228: 0 | W1228: 2 | X1228: 1 | Y1228: 0 | Z1228: 0
A1229: 2314 | B1229: 大葉大學 | C1229: 應用日語學系(語文翻譯組) | D1229: 其他學群 | E1229: 國x2.00 社x1.00 地x2.00 | F1229: 1 | G1229: 166 | H1229: =L1229*'114成績輸入與落點儀表板'!$B$2+M1229*'114成績輸入與落點儀表板'!$B$3+N1229*'114成績輸入與落點儀表板'!$B$4+O1229*'114成績輸入與落點儀表板'!$B$5+P1229*'114成績輸入與落點儀表板'!$B$6+Q1229*'114成績輸入與落點儀表板'!$B$7+R1229*'114成績輸入與落點儀表板'!$B$8+S1229*'114成績輸入與落點儀表板'!$B$9+T1229*'114成績輸入與落點儀表板'!$B$10+U1229*'114成績輸入與落點儀表板'!$B$11+V1229*'114成績輸入與落點儀表板'!$B$12+W1229*'114成績輸入與落點儀表板'!$B$13+X1229*'114成績輸入與落點儀表板'!$B$14+Y1229*'114成績輸入與落點儀表板'!$B$15+Z1229*'114成績輸入與落點儀表板'!$B$16 -> 0 | I1229: =IF(G1229="","",H1229-G1229) -> -166 | J1229: =IF(G1229="","無錄取資料",IF(I1229>=0,"PASS","FAIL")) -> FAIL | K1229: =IF(AND(IF('114成績輸入與落點儀表板'!$C$2="必須採計",L1229>0,IF('114成績輸入與落點儀表板'!$C$2="不可採計",L1229=0,TRUE)),IF('114成績輸入與落點儀表板'!$C$3="必須採計",M1229>0,IF('114成績輸入與落點儀表板'!$C$3="不可採計",M1229=0,TRUE)),IF('114成績輸入與落點儀表板'!$C$4="必須採計",N1229>0,IF('114成績輸入與落點儀表板'!$C$4="不可採計",N1229=0,TRUE)),IF('114成績輸入與落點儀表板'!$C$5="必須採計",O1229>0,IF('114成績輸入與落點儀表板'!$C$5="不可採計",O1229=0,TRUE)),IF('114成績輸入與落點儀表板'!$C$6="必須採計",P1229>0,IF('114成績輸入與落點儀表板'!$C$6="不可採計",P1229=0,TRUE)),IF('114成績輸入與落點儀表板'!$C$7="必須採計",Q1229>0,IF('114成績輸入與落點儀表板'!$C$7="不可採計",Q1229=0,TRUE)),IF('114成績輸入與落點儀表板'!$C$8="必須採計",R1229>0,IF('114成績輸入與落點儀表板'!$C$8="不可採計",R1229=0,TRUE)),IF('114成績輸入與落點儀表板'!$C$9="必須採計",S1229>0,IF('114成績輸入與落點儀表板'!$C$9="不可採計",S1229=0,TRUE)),IF('114成績輸入與落點儀表板'!$C$10="必須採計",T1229>0,IF('114成績輸入與落點儀表板'!$C$10="不可採計",T1229=0,TRUE)),IF('114成績輸入與落點儀表板'!$C$11="必須採計",U1229>0,IF('114成績輸入與落點儀表板'!$C$11="不可採計",U1229=0,TRUE)),IF('114成績輸入與落點儀表板'!$C$12="必須採計",V1229>0,IF('114成績輸入與落點儀表板'!$C$12="不可採計",V1229=0,TRUE)),IF('114成績輸入與落點儀表板'!$C$13="必須採計",W1229>0,IF('114成績輸入與落點儀表板'!$C$13="不可採計",W1229=0,TRUE)),IF('114成績輸入與落點儀表板'!$C$14="必須採計",X1229>0,IF('114成績輸入與落點儀表板'!$C$14="不可採計",X1229=0,TRUE)),IF('114成績輸入與落點儀表板'!$C$15="必須採計",Y1229>0,IF('114成績輸入與落點儀表板'!$C$15="不可採計",Y1229=0,TRUE)),IF('114成績輸入與落點儀表板'!$C$16="必須採計",Z1229>0,IF('114成績輸入與落點儀表板'!$C$16="不可採計",Z1229=0,TRUE))),"✅ 符合","❌ 不符合") -> ✅ 符合 | L1229: 2 | M1229: 0 | N1229: 0 | O1229: 0 | P1229: 0 | Q1229: 0 | R1229: 0 | S1229: 0 | T1229: 0 | U1229: 0 | V1229: 2 | W1229: 0 | X1229: 1 | Y1229: 0 | Z1229: 0
A1230: 2315 | B1230: 大葉大學 | C1230: 生物醫學系(檢驗醫學組) | D1230: 醫藥衛生學群 | E1230: 生x1.75 國x2.00 英x2.00 | F1230: 14 | G1230: 130.25 | H1230: =L1230*'114成績輸入與落點儀表板'!$B$2+M1230*'114成績輸入與落點儀表板'!$B$3+N1230*'114成績輸入與落點儀表板'!$B$4+O1230*'114成績輸入與落點儀表板'!$B$5+P1230*'114成績輸入與落點儀表板'!$B$6+Q1230*'114成績輸入與落點儀表板'!$B$7+R1230*'114成績輸入與落點儀表板'!$B$8+S1230*'114成績輸入與落點儀表板'!$B$9+T1230*'114成績輸入與落點儀表板'!$B$10+U1230*'114成績輸入與落點儀表板'!$B$11+V1230*'114成績輸入與落點儀表板'!$B$12+W1230*'114成績輸入與落點儀表板'!$B$13+X1230*'114成績輸入與落點儀表板'!$B$14+Y1230*'114成績輸入與落點儀表板'!$B$15+Z1230*'114成績輸入與落點儀表板'!$B$16 -> 0 | I1230: =IF(G1230="","",H1230-G1230) -> -130.25 | J1230: =IF(G1230="","無錄取資料",IF(I1230>=0,"PASS","FAIL")) -> FAIL | K1230: =IF(AND(IF('114成績輸入與落點儀表板'!$C$2="必須採計",L1230>0,IF('114成績輸入與落點儀表板'!$C$2="不可採計",L1230=0,TRUE)),IF('114成績輸入與落點儀表板'!$C$3="必須採計",M1230>0,IF('114成績輸入與落點儀表板'!$C$3="不可採計",M1230=0,TRUE)),IF('114成績輸入與落點儀表板'!$C$4="必須採計",N1230>0,IF('114成績輸入與落點儀表板'!$C$4="不可採計",N1230=0,TRUE)),IF('114成績輸入與落點儀表板'!$C$5="必須採計",O1230>0,IF('114成績輸入與落點儀表板'!$C$5="不可採計",O1230=0,TRUE)),IF('114成績輸入與落點儀表板'!$C$6="必須採計",P1230>0,IF('114成績輸入與落點儀表板'!$C$6="不可採計",P1230=0,TRUE)),IF('114成績輸入與落點儀表板'!$C$7="必須採計",Q1230>0,IF('114成績輸入與落點儀表板'!$C$7="不可採計",Q1230=0,TRUE)),IF('114成績輸入與落點儀表板'!$C$8="必須採計",R1230>0,IF('114成績輸入與落點儀表板'!$C$8="不可採計",R1230=0,TRUE)),IF('114成績輸入與落點儀表板'!$C$9="必須採計",S1230>0,IF('114成績輸入與落點儀表板'!$C$9="不可採計",S1230=0,TRUE)),IF('114成績輸入與落點儀表板'!$C$10="必須採計",T1230>0,IF('114成績輸入與落點儀表板'!$C$10="不可採計",T1230=0,TRUE)),IF('114成績輸入與落點儀表板'!$C$11="必須採計",U1230>0,IF('114成績輸入與落點儀表板'!$C$11="不可採計",U1230=0,TRUE)),IF('114成績輸入與落點儀表板'!$C$12="必須採計",V1230>0,IF('114成績輸入與落點儀表板'!$C$12="不可採計",V1230=0,TRUE)),IF('114成績輸入與落點儀表板'!$C$13="必須採計",W1230>0,IF('114成績輸入與落點儀表板'!$C$13="不可採計",W1230=0,TRUE)),IF('114成績輸入與落點儀表板'!$C$14="必須採計",X1230>0,IF('114成績輸入與落點儀表板'!$C$14="不可採計",X1230=0,TRUE)),IF('114成績輸入與落點儀表板'!$C$15="必須採計",Y1230>0,IF('114成績輸入與落點儀表板'!$C$15="不可採計",Y1230=0,TRUE)),IF('114成績輸入與落點儀表板'!$C$16="必須採計",Z1230>0,IF('114成績輸入與落點儀表板'!$C$16="不可採計",Z1230=0,TRUE))),"✅ 符合","❌ 不符合") -> ✅ 符合 | L1230: 2 | M1230: 2 | N1230: 0 | O1230: 0 | P1230: 0 | Q1230: 0 | R1230: 0 | S1230: 0 | T1230: 1.75 | U1230: 0 | V1230: 0 | W1230: 0 | X1230: 0 | Y1230: 0 | Z1230: 0
A1231: 2316 | B1231: 大葉大學 | C1231: 生物醫學系(生物醫藥組) | D1231: 醫藥衛生學群 | E1231: 化x1.75 國x2.00 英x2.00 | F1231: 10 | G1231: 130 | H1231: =L1231*'114成績輸入與落點儀表板'!$B$2+M1231*'114成績輸入與落點儀表板'!$B$3+N1231*'114成績輸入與落點儀表板'!$B$4+O1231*'114成績輸入與落點儀表板'!$B$5+P1231*'114成績輸入與落點儀表板'!$B$6+Q1231*'114成績輸入與落點儀表板'!$B$7+R1231*'114成績輸入與落點儀表板'!$B$8+S1231*'114成績輸入與落點儀表板'!$B$9+T1231*'114成績輸入與落點儀表板'!$B$10+U1231*'114成績輸入與落點儀表板'!$B$11+V1231*'114成績輸入與落點儀表板'!$B$12+W1231*'114成績輸入與落點儀表板'!$B$13+X1231*'114成績輸入與落點儀表板'!$B$14+Y1231*'114成績輸入與落點儀表板'!$B$15+Z1231*'114成績輸入與落點儀表板'!$B$16 -> 0 | I1231: =IF(G1231="","",H1231-G1231) -> -130 | J1231: =IF(G1231="","無錄取資料",IF(I1231>=0,"PASS","FAIL")) -> FAIL | K1231: =IF(AND(IF('114成績輸入與落點儀表板'!$C$2="必須採計",L1231>0,IF('114成績輸入與落點儀表板'!$C$2="不可採計",L1231=0,TRUE)),IF('114成績輸入與落點儀表板'!$C$3="必須採計",M1231>0,IF('114成績輸入與落點儀表板'!$C$3="不可採計",M1231=0,TRUE)),IF('114成績輸入與落點儀表板'!$C$4="必須採計",N1231>0,IF('114成績輸入與落點儀表板'!$C$4="不可採計",N1231=0,TRUE)),IF('114成績輸入與落點儀表板'!$C$5="必須採計",O1231>0,IF('114成績輸入與落點儀表板'!$C$5="不可採計",O1231=0,TRUE)),IF('114成績輸入與落點儀表板'!$C$6="必須採計",P1231>0,IF('114成績輸入與落點儀表板'!$C$6="不可採計",P1231=0,TRUE)),IF('114成績輸入與落點儀表板'!$C$7="必須採計",Q1231>0,IF('114成績輸入與落點儀表板'!$C$7="不可採計",Q1231=0,TRUE)),IF('114成績輸入與落點儀表板'!$C$8="必須採計",R1231>0,IF('114成績輸入與落點儀表板'!$C$8="不可採計",R1231=0,TRUE)),IF('114成績輸入與落點儀表板'!$C$9="必須採計",S1231>0,IF('114成績輸入與落點儀表板'!$C$9="不可採計",S1231=0,TRUE)),IF('114成績輸入與落點儀表板'!$C$10="必須採計",T1231>0,IF('114成績輸入與落點儀表板'!$C$10="不可採計",T1231=0,TRUE)),IF('114成績輸入與落點儀表板'!$C$11="必須採計",U1231>0,IF('114成績輸入與落點儀表板'!$C$11="不可採計",U1231=0,TRUE)),IF('114成績輸入與落點儀表板'!$C$12="必須採計",V1231>0,IF('114成績輸入與落點儀表板'!$C$12="不可採計",V1231=0,TRUE)),IF('114成績輸入與落點儀表板'!$C$13="必須採計",W1231>0,IF('114成績輸入與落點儀表板'!$C$13="不可採計",W1231=0,TRUE)),IF('114成績輸入與落點儀表板'!$C$14="必須採計",X1231>0,IF('114成績輸入與落點儀表板'!$C$14="不可採計",X1231=0,TRUE)),IF('114成績輸入與落點儀表板'!$C$15="必須採計",Y1231>0,IF('114成績輸入與落點儀表板'!$C$15="不可採計",Y1231=0,TRUE)),IF('114成績輸入與落點儀表板'!$C$16="必須採計",Z1231>0,IF('114成績輸入與落點儀表板'!$C$16="不可採計",Z1231=0,TRUE))),"✅ 符合","❌ 不符合") -> ✅ 符合 | L1231: 2 | M1231: 2 | N1231: 0 | O1231: 0 | P1231: 0 | Q1231: 0 | R1231: 0 | S1231: 1.75 | T1231: 0 | U1231: 0 | V1231: 0 | W1231: 0 | X1231: 0 | Y1231: 0 | Z1231: 0
A1232: 2317 | B1232: 大葉大學 | C1232: 藥用植物與食品保健學系(中藥保健組) | D1232: 生命科學學群 | E1232: 英x2.00 國x1.75 生x2.00 | F1232: 5 | G1232: 123.75 | H1232: =L1232*'114成績輸入與落點儀表板'!$B$2+M1232*'114成績輸入與落點儀表板'!$B$3+N1232*'114成績輸入與落點儀表板'!$B$4+O1232*'114成績輸入與落點儀表板'!$B$5+P1232*'114成績輸入與落點儀表板'!$B$6+Q1232*'114成績輸入與落點儀表板'!$B$7+R1232*'114成績輸入與落點儀表板'!$B$8+S1232*'114成績輸入與落點儀表板'!$B$9+T1232*'114成績輸入與落點儀表板'!$B$10+U1232*'114成績輸入與落點儀表板'!$B$11+V1232*'114成績輸入與落點儀表板'!$B$12+W1232*'114成績輸入與落點儀表板'!$B$13+X1232*'114成績輸入與落點儀表板'!$B$14+Y1232*'114成績輸入與落點儀表板'!$B$15+Z1232*'114成績輸入與落點儀表板'!$B$16 -> 0 | I1232: =IF(G1232="","",H1232-G1232) -> -123.75 | J1232: =IF(G1232="","無錄取資料",IF(I1232>=0,"PASS","FAIL")) -> FAIL | K1232: =IF(AND(IF('114成績輸入與落點儀表板'!$C$2="必須採計",L1232>0,IF('114成績輸入與落點儀表板'!$C$2="不可採計",L1232=0,TRUE)),IF('114成績輸入與落點儀表板'!$C$3="必須採計",M1232>0,IF('114成績輸入與落點儀表板'!$C$3="不可採計",M1232=0,TRUE)),IF('114成績輸入與落點儀表板'!$C$4="必須採計",N1232>0,IF('114成績輸入與落點儀表板'!$C$4="不可採計",N1232=0,TRUE)),IF('114成績輸入與落點儀表板'!$C$5="必須採計",O1232>0,IF('114成績輸入與落點儀表板'!$C$5="不可採計",O1232=0,TRUE)),IF('114成績輸入與落點儀表板'!$C$6="必須採計",P1232>0,IF('114成績輸入與落點儀表板'!$C$6="不可採計",P1232=0,TRUE)),IF('114成績輸入與落點儀表板'!$C$7="必須採計",Q1232>0,IF('114成績輸入與落點儀表板'!$C$7="不可採計",Q1232=0,TRUE)),IF('114成績輸入與落點儀表板'!$C$8="必須採計",R1232>0,IF('114成績輸入與落點儀表板'!$C$8="不可採計",R1232=0,TRUE)),IF('114成績輸入與落點儀表板'!$C$9="必須採計",S1232>0,IF('114成績輸入與落點儀表板'!$C$9="不可採計",S1232=0,TRUE)),IF('114成績輸入與落點儀表板'!$C$10="必須採計",T1232>0,IF('114成績輸入與落點儀表板'!$C$10="不可採計",T1232=0,TRUE)),IF('114成績輸入與落點儀表板'!$C$11="必須採計",U1232>0,IF('114成績輸入與落點儀表板'!$C$11="不可採計",U1232=0,TRUE)),IF('114成績輸入與落點儀表板'!$C$12="必須採計",V1232>0,IF('114成績輸入與落點儀表板'!$C$12="不可採計",V1232=0,TRUE)),IF('114成績輸入與落點儀表板'!$C$13="必須採計",W1232>0,IF('114成績輸入與落點儀表板'!$C$13="不可採計",W1232=0,TRUE)),IF('114成績輸入與落點儀表板'!$C$14="必須採計",X1232>0,IF('114成績輸入與落點儀表板'!$C$14="不可採計",X1232=0,TRUE)),IF('114成績輸入與落點儀表板'!$C$15="必須採計",Y1232>0,IF('114成績輸入與落點儀表板'!$C$15="不可採計",Y1232=0,TRUE)),IF('114成績輸入與落點儀表板'!$C$16="必須採計",Z1232>0,IF('114成績輸入與落點儀表板'!$C$16="不可採計",Z1232=0,TRUE))),"✅ 符合","❌ 不符合") -> ✅ 符合 | L1232: 1.75 | M1232: 2 | N1232: 0 | O1232: 0 | P1232: 0 | Q1232: 0 | R1232: 0 | S1232: 0 | T1232: 2 | U1232: 0 | V1232: 0 | W1232: 0 | X1232: 0 | Y1232: 0 | Z1232: 0
A1233: 2320 | B1233: 大葉大學 | C1233: 藥用植物與食品保健學系(食品科學組) | D1233: 生命科學學群 | E1233: 國x2.00 英x1.75 化x2.00 | F1233: 5 | G1233: 94.75 | H1233: =L1233*'114成績輸入與落點儀表板'!$B$2+M1233*'114成績輸入與落點儀表板'!$B$3+N1233*'114成績輸入與落點儀表板'!$B$4+O1233*'114成績輸入與落點儀表板'!$B$5+P1233*'114成績輸入與落點儀表板'!$B$6+Q1233*'114成績輸入與落點儀表板'!$B$7+R1233*'114成績輸入與落點儀表板'!$B$8+S1233*'114成績輸入與落點儀表板'!$B$9+T1233*'114成績輸入與落點儀表板'!$B$10+U1233*'114成績輸入與落點儀表板'!$B$11+V1233*'114成績輸入與落點儀表板'!$B$12+W1233*'114成績輸入與落點儀表板'!$B$13+X1233*'114成績輸入與落點儀表板'!$B$14+Y1233*'114成績輸入與落點儀表板'!$B$15+Z1233*'114成績輸入與落點儀表板'!$B$16 -> 0 | I1233: =IF(G1233="","",H1233-G1233) -> -94.75 | J1233: =IF(G1233="","無錄取資料",IF(I1233>=0,"PASS","FAIL")) -> FAIL | K1233: =IF(AND(IF('114成績輸入與落點儀表板'!$C$2="必須採計",L1233>0,IF('114成績輸入與落點儀表板'!$C$2="不可採計",L1233=0,TRUE)),IF('114成績輸入與落點儀表板'!$C$3="必須採計",M1233>0,IF('114成績輸入與落點儀表板'!$C$3="不可採計",M1233=0,TRUE)),IF('114成績輸入與落點儀表板'!$C$4="必須採計",N1233>0,IF('114成績輸入與落點儀表板'!$C$4="不可採計",N1233=0,TRUE)),IF('114成績輸入與落點儀表板'!$C$5="必須採計",O1233>0,IF('114成績輸入與落點儀表板'!$C$5="不可採計",O1233=0,TRUE)),IF('114成績輸入與落點儀表板'!$C$6="必須採計",P1233>0,IF('114成績輸入與落點儀表板'!$C$6="不可採計",P1233=0,TRUE)),IF('114成績輸入與落點儀表板'!$C$7="必須採計",Q1233>0,IF('114成績輸入與落點儀表板'!$C$7="不可採計",Q1233=0,TRUE)),IF('114成績輸入與落點儀表板'!$C$8="必須採計",R1233>0,IF('114成績輸入與落點儀表板'!$C$8="不可採計",R1233=0,TRUE)),IF('114成績輸入與落點儀表板'!$C$9="必須採計",S1233>0,IF('114成績輸入與落點儀表板'!$C$9="不可採計",S1233=0,TRUE)),IF('114成績輸入與落點儀表板'!$C$10="必須採計",T1233>0,IF('114成績輸入與落點儀表板'!$C$10="不可採計",T1233=0,TRUE)),IF('114成績輸入與落點儀表板'!$C$11="必須採計",U1233>0,IF('114成績輸入與落點儀表板'!$C$11="不可採計",U1233=0,TRUE)),IF('114成績輸入與落點儀表板'!$C$12="必須採計",V1233>0,IF('114成績輸入與落點儀表板'!$C$12="不可採計",V1233=0,TRUE)),IF('114成績輸入與落點儀表板'!$C$13="必須採計",W1233>0,IF('114成績輸入與落點儀表板'!$C$13="不可採計",W1233=0,TRUE)),IF('114成績輸入與落點儀表板'!$C$14="必須採計",X1233>0,IF('114成績輸入與落點儀表板'!$C$14="不可採計",X1233=0,TRUE)),IF('114成績輸入與落點儀表板'!$C$15="必須採計",Y1233>0,IF('114成績輸入與落點儀表板'!$C$15="不可採計",Y1233=0,TRUE)),IF('114成績輸入與落點儀表板'!$C$16="必須採計",Z1233>0,IF('114成績輸入與落點儀表板'!$C$16="不可採計",Z1233=0,TRUE))),"✅ 符合","❌ 不符合") -> ✅ 符合 | L1233: 2 | M1233: 1.75 | N1233: 0 | O1233: 0 | P1233: 0 | Q1233: 0 | R1233: 0 | S1233: 2 | T1233: 0 | U1233: 0 | V1233: 0 | W1233: 0 | X1233: 0 | Y1233: 0 | Z1233: 0
